Analysis & Synthesis report for Minilab1b_T2
Tue Feb 10 19:08:49 2026
Quartus Prime Version 25.1std.0 Build 1129 10/21/2025 SC Lite Edition


---------------------
; Table of Contents ;
---------------------
  1. Legal Notice
  2. Analysis & Synthesis Summary
  3. Analysis & Synthesis Settings
  4. Parallel Compilation
  5. Analysis & Synthesis Source Files Read
  6. Analysis & Synthesis Resource Usage Summary
  7. Analysis & Synthesis Resource Utilization by Entity
  8. Analysis & Synthesis RAM Summary
  9. Analysis & Synthesis DSP Block Usage Summary
 10. Analysis & Synthesis IP Cores Summary
 11. State Machine - |Minilab1b_T2|state
 12. State Machine - |Minilab1b_T2|mem_wrapper:iRemember|state
 13. User-Specified and Inferred Latches
 14. Registers Removed During Synthesis
 15. General Register Statistics
 16. Inverted Register Statistics
 17. Multiplexer Restructuring Statistics (Restructuring Performed)
 18. Source assignments for mem_wrapper:iRemember|rom:memory|altsyncram:altsyncram_component|altsyncram_tdg1:auto_generated
 19. Source assignments for sld_signaltap:auto_signaltap_0
 20. Parameter Settings for User Entity Instance: Top-level Entity: |Minilab1b_T2
 21. Parameter Settings for User Entity Instance: mem_wrapper:iRemember|rom:memory|altsyncram:altsyncram_component
 22. Parameter Settings for User Entity Instance: mat_vec_mult_t:iMAC
 23. Parameter Settings for User Entity Instance: mat_vec_mult_t:iMAC|FIFO:b_vec
 24. Parameter Settings for User Entity Instance: mat_vec_mult_t:iMAC|FIFO:hw[0].a_mat
 25. Parameter Settings for User Entity Instance: mat_vec_mult_t:iMAC|MAC:hw[0].mat_arr
 26. Parameter Settings for User Entity Instance: mat_vec_mult_t:iMAC|FIFO:hw[1].a_mat
 27. Parameter Settings for User Entity Instance: mat_vec_mult_t:iMAC|MAC:hw[1].mat_arr
 28. Parameter Settings for User Entity Instance: mat_vec_mult_t:iMAC|FIFO:hw[2].a_mat
 29. Parameter Settings for User Entity Instance: mat_vec_mult_t:iMAC|MAC:hw[2].mat_arr
 30. Parameter Settings for User Entity Instance: mat_vec_mult_t:iMAC|FIFO:hw[3].a_mat
 31. Parameter Settings for User Entity Instance: mat_vec_mult_t:iMAC|MAC:hw[3].mat_arr
 32. Parameter Settings for User Entity Instance: mat_vec_mult_t:iMAC|FIFO:hw[4].a_mat
 33. Parameter Settings for User Entity Instance: mat_vec_mult_t:iMAC|MAC:hw[4].mat_arr
 34. Parameter Settings for User Entity Instance: mat_vec_mult_t:iMAC|FIFO:hw[5].a_mat
 35. Parameter Settings for User Entity Instance: mat_vec_mult_t:iMAC|MAC:hw[5].mat_arr
 36. Parameter Settings for User Entity Instance: mat_vec_mult_t:iMAC|FIFO:hw[6].a_mat
 37. Parameter Settings for User Entity Instance: mat_vec_mult_t:iMAC|MAC:hw[6].mat_arr
 38. Parameter Settings for User Entity Instance: mat_vec_mult_t:iMAC|FIFO:hw[7].a_mat
 39. Parameter Settings for User Entity Instance: mat_vec_mult_t:iMAC|MAC:hw[7].mat_arr
 40. Parameter Settings for Inferred Entity Instance: sld_signaltap:auto_signaltap_0
 41. altsyncram Parameter Settings by Entity Instance
 42. Port Connectivity Checks: "mat_vec_mult_t:iMAC|FIFO:hw[5].a_mat"
 43. Port Connectivity Checks: "mat_vec_mult_t:iMAC|FIFO:hw[4].a_mat"
 44. Port Connectivity Checks: "mat_vec_mult_t:iMAC|FIFO:hw[3].a_mat"
 45. Port Connectivity Checks: "mat_vec_mult_t:iMAC|FIFO:hw[2].a_mat"
 46. Port Connectivity Checks: "mat_vec_mult_t:iMAC|FIFO:hw[1].a_mat"
 47. Port Connectivity Checks: "mat_vec_mult_t:iMAC|FIFO:hw[0].a_mat"
 48. Port Connectivity Checks: "mem_wrapper:iRemember|rom:memory"
 49. Port Connectivity Checks: "mem_wrapper:iRemember"
 50. Signal Tap Logic Analyzer Settings
 51. Post-Synthesis Netlist Statistics for Top Partition
 52. Elapsed Time Per Partition
 53. Connections to In-System Debugging Instance "auto_signaltap_0"
 54. Analysis & Synthesis Messages
 55. Analysis & Synthesis Suppressed Messages



----------------
; Legal Notice ;
----------------
Copyright (C) 2025  Altera Corporation. All rights reserved.
Your use of Altera Corporation's design tools, logic functions 
and other software and tools, and any partner logic 
functions, and any output files from any of the foregoing 
(including device programming or simulation files), and any 
associated documentation or information are expressly subject 
to the terms and conditions of the Altera Program License 
Subscription Agreement, the Altera Quartus Prime License Agreement,
the Altera IP License Agreement, or other applicable license
agreement, including, without limitation, that your use is for
the sole purpose of programming logic devices manufactured by
Altera and sold by Altera or its authorized distributors.  Please
refer to the Altera Software License Subscription Agreements 
on the Quartus Prime software download page.



+-----------------------------------------------------------------------------------+
; Analysis & Synthesis Summary                                                      ;
+---------------------------------+-------------------------------------------------+
; Analysis & Synthesis Status     ; Successful - Tue Feb 10 19:08:49 2026           ;
; Quartus Prime Version           ; 25.1std.0 Build 1129 10/21/2025 SC Lite Edition ;
; Revision Name                   ; Minilab1b_T2                                    ;
; Top-level Entity Name           ; Minilab1b_T2                                    ;
; Family                          ; Cyclone V                                       ;
; Logic utilization (in ALMs)     ; N/A                                             ;
; Total registers                 ; 2400                                            ;
; Total pins                      ; 70                                              ;
; Total virtual pins              ; 0                                               ;
; Total block memory bits         ; 13,632                                          ;
; Total DSP Blocks                ; 8                                               ;
; Total HSSI RX PCSs              ; 0                                               ;
; Total HSSI PMA RX Deserializers ; 0                                               ;
; Total HSSI TX PCSs              ; 0                                               ;
; Total HSSI PMA TX Serializers   ; 0                                               ;
; Total PLLs                      ; 0                                               ;
; Total DLLs                      ; 0                                               ;
+---------------------------------+-------------------------------------------------+


+---------------------------------------------------------------------------------------------------------------------------+
; Analysis & Synthesis Settings                                                                                             ;
+---------------------------------------------------------------------------------+--------------------+--------------------+
; Option                                                                          ; Setting            ; Default Value      ;
+---------------------------------------------------------------------------------+--------------------+--------------------+
; Device                                                                          ; 5CSEMA5F31C6       ;                    ;
; Top-level entity name                                                           ; Minilab1b_T2       ; Minilab1b_T2       ;
; Family name                                                                     ; Cyclone V          ; Cyclone V          ;
; Use smart compilation                                                           ; Off                ; Off                ;
; Enable parallel Assembler and Timing Analyzer during compilation                ; On                 ; On                 ;
; Enable compact report table                                                     ; Off                ; Off                ;
; Restructure Multiplexers                                                        ; Auto               ; Auto               ;
; MLAB Add Timing Constraints For Mixed-Port Feed-Through Mode Setting Don't Care ; Off                ; Off                ;
; Create Debugging Nodes for IP Cores                                             ; Off                ; Off                ;
; Preserve fewer node names                                                       ; On                 ; On                 ;
; Intel FPGA IP Evaluation Mode                                                   ; Enable             ; Enable             ;
; Verilog Version                                                                 ; Verilog_2001       ; Verilog_2001       ;
; VHDL Version                                                                    ; VHDL_1993          ; VHDL_1993          ;
; State Machine Processing                                                        ; Auto               ; Auto               ;
; Safe State Machine                                                              ; Off                ; Off                ;
; Extract Verilog State Machines                                                  ; On                 ; On                 ;
; Extract VHDL State Machines                                                     ; On                 ; On                 ;
; Ignore Verilog initial constructs                                               ; Off                ; Off                ;
; Iteration limit for constant Verilog loops                                      ; 5000               ; 5000               ;
; Iteration limit for non-constant Verilog loops                                  ; 250                ; 250                ;
; Add Pass-Through Logic to Inferred RAMs                                         ; On                 ; On                 ;
; Infer RAMs from Raw Logic                                                       ; On                 ; On                 ;
; Parallel Synthesis                                                              ; On                 ; On                 ;
; DSP Block Balancing                                                             ; Auto               ; Auto               ;
; NOT Gate Push-Back                                                              ; On                 ; On                 ;
; Power-Up Don't Care                                                             ; On                 ; On                 ;
; Remove Redundant Logic Cells                                                    ; Off                ; Off                ;
; Remove Duplicate Registers                                                      ; On                 ; On                 ;
; Ignore CARRY Buffers                                                            ; Off                ; Off                ;
; Ignore CASCADE Buffers                                                          ; Off                ; Off                ;
; Ignore GLOBAL Buffers                                                           ; Off                ; Off                ;
; Ignore ROW GLOBAL Buffers                                                       ; Off                ; Off                ;
; Ignore LCELL Buffers                                                            ; Off                ; Off                ;
; Ignore SOFT Buffers                                                             ; On                 ; On                 ;
; Limit AHDL Integers to 32 Bits                                                  ; Off                ; Off                ;
; Optimization Technique                                                          ; Balanced           ; Balanced           ;
; Carry Chain Length                                                              ; 70                 ; 70                 ;
; Auto Carry Chains                                                               ; On                 ; On                 ;
; Auto Open-Drain Pins                                                            ; On                 ; On                 ;
; Perform WYSIWYG Primitive Resynthesis                                           ; Off                ; Off                ;
; Auto ROM Replacement                                                            ; On                 ; On                 ;
; Auto RAM Replacement                                                            ; On                 ; On                 ;
; Auto DSP Block Replacement                                                      ; On                 ; On                 ;
; Auto Shift Register Replacement                                                 ; Auto               ; Auto               ;
; Allow Shift Register Merging across Hierarchies                                 ; Auto               ; Auto               ;
; Auto Clock Enable Replacement                                                   ; On                 ; On                 ;
; Strict RAM Replacement                                                          ; Off                ; Off                ;
; Allow Synchronous Control Signals                                               ; On                 ; On                 ;
; Force Use of Synchronous Clear Signals                                          ; Off                ; Off                ;
; Auto Resource Sharing                                                           ; Off                ; Off                ;
; Allow Any RAM Size For Recognition                                              ; Off                ; Off                ;
; Allow Any ROM Size For Recognition                                              ; Off                ; Off                ;
; Allow Any Shift Register Size For Recognition                                   ; Off                ; Off                ;
; Use LogicLock Constraints during Resource Balancing                             ; On                 ; On                 ;
; Ignore translate_off and synthesis_off directives                               ; Off                ; Off                ;
; Timing-Driven Synthesis                                                         ; On                 ; On                 ;
; Report Parameter Settings                                                       ; On                 ; On                 ;
; Report Source Assignments                                                       ; On                 ; On                 ;
; Report Connectivity Checks                                                      ; On                 ; On                 ;
; Ignore Maximum Fan-Out Assignments                                              ; Off                ; Off                ;
; Synchronization Register Chain Length                                           ; 3                  ; 3                  ;
; Power Optimization During Synthesis                                             ; Normal compilation ; Normal compilation ;
; HDL message level                                                               ; Level2             ; Level2             ;
; Suppress Register Optimization Related Messages                                 ; Off                ; Off                ;
; Number of Removed Registers Reported in Synthesis Report                        ; 5000               ; 5000               ;
; Number of Swept Nodes Reported in Synthesis Report                              ; 5000               ; 5000               ;
; Number of Inverted Registers Reported in Synthesis Report                       ; 100                ; 100                ;
; Clock MUX Protection                                                            ; On                 ; On                 ;
; Auto Gated Clock Conversion                                                     ; Off                ; Off                ;
; Block Design Naming                                                             ; Auto               ; Auto               ;
; SDC constraint protection                                                       ; Off                ; Off                ;
; Synthesis Effort                                                                ; Auto               ; Auto               ;
; Shift Register Replacement - Allow Asynchronous Clear Signal                    ; On                 ; On                 ;
; Pre-Mapping Resynthesis Optimization                                            ; Off                ; Off                ;
; Analysis & Synthesis Message Level                                              ; Medium             ; Medium             ;
; Disable Register Merging Across Hierarchies                                     ; Auto               ; Auto               ;
; Resource Aware Inference For Block RAM                                          ; On                 ; On                 ;
; Automatic Parallel Synthesis                                                    ; On                 ; On                 ;
; Partial Reconfiguration Bitstream ID                                            ; Off                ; Off                ;
+---------------------------------------------------------------------------------+--------------------+--------------------+


+------------------------------------------+
; Parallel Compilation                     ;
+----------------------------+-------------+
; Processors                 ; Number      ;
+----------------------------+-------------+
; Number detected on machine ; 8           ;
; Maximum allowed            ; 8           ;
;                            ;             ;
; Average used               ; 1.00        ;
; Maximum used               ; 8           ;
;                            ;             ;
; Usage by Processor         ; % Time Used ;
;     Processor 1            ; 100.0%      ;
;     Processor 2            ;   0.1%      ;
;     Processor 3            ;   0.0%      ;
;     Processor 4            ;   0.0%      ;
;     Processor 5            ;   0.0%      ;
;     Processor 6            ;   0.0%      ;
;     Processor 7            ;   0.0%      ;
;     Processor 8            ;   0.0%      ;
+----------------------------+-------------+


+--------------------------------------------------------------------------------------------------------------------------------------------------------------------------------------------------------------------------------------------------------------------------------------+
; Analysis & Synthesis Source Files Read                                                                                                                                                                                                                                               ;
+--------------------------------------------------------------------+-----------------+----------------------------------------------+----------------------------------------------------------------------------------------------------------------------------------+-------------+
; File Name with User-Entered Path                                   ; Used in Netlist ; File Type                                    ; File Name with Absolute Path                                                                                                     ; Library     ;
+--------------------------------------------------------------------+-----------------+----------------------------------------------+----------------------------------------------------------------------------------------------------------------------------------+-------------+
; mat_vec_mult_t.sv                                                  ; yes             ; User SystemVerilog HDL File                  ; /home/michael2/Documents/Classes/ECE554_Minilab1/1b_actually0/mat_vec_mult_t.sv                                                  ;             ;
; input_mem.mif                                                      ; yes             ; User Memory Initialization File              ; /home/michael2/Documents/Classes/ECE554_Minilab1/1b_actually0/input_mem.mif                                                      ;             ;
; Minilab1b_T2.sv                                                    ; yes             ; User SystemVerilog HDL File                  ; /home/michael2/Documents/Classes/ECE554_Minilab1/1b_actually0/Minilab1b_T2.sv                                                    ;             ;
; fifo.sv                                                            ; yes             ; User SystemVerilog HDL File                  ; /home/michael2/Documents/Classes/ECE554_Minilab1/1b_actually0/fifo.sv                                                            ;             ;
; mac.sv                                                             ; yes             ; User SystemVerilog HDL File                  ; /home/michael2/Documents/Classes/ECE554_Minilab1/1b_actually0/mac.sv                                                             ;             ;
; memory.v                                                           ; yes             ; User Verilog HDL File                        ; /home/michael2/Documents/Classes/ECE554_Minilab1/1b_actually0/memory.v                                                           ;             ;
; rom.v                                                              ; yes             ; User Wizard-Generated File                   ; /home/michael2/Documents/Classes/ECE554_Minilab1/1b_actually0/rom.v                                                              ;             ;
; altsyncram.tdf                                                     ; yes             ; Megafunction                                 ; /home/michael2/altera_lite/25.1std/quartus/libraries/megafunctions/altsyncram.tdf                                                ;             ;
; stratix_ram_block.inc                                              ; yes             ; Megafunction                                 ; /home/michael2/altera_lite/25.1std/quartus/libraries/megafunctions/stratix_ram_block.inc                                         ;             ;
; lpm_mux.inc                                                        ; yes             ; Megafunction                                 ; /home/michael2/altera_lite/25.1std/quartus/libraries/megafunctions/lpm_mux.inc                                                   ;             ;
; lpm_decode.inc                                                     ; yes             ; Megafunction                                 ; /home/michael2/altera_lite/25.1std/quartus/libraries/megafunctions/lpm_decode.inc                                                ;             ;
; aglobal251.inc                                                     ; yes             ; Megafunction                                 ; /home/michael2/altera_lite/25.1std/quartus/libraries/megafunctions/aglobal251.inc                                                ;             ;
; a_rdenreg.inc                                                      ; yes             ; Megafunction                                 ; /home/michael2/altera_lite/25.1std/quartus/libraries/megafunctions/a_rdenreg.inc                                                 ;             ;
; altrom.inc                                                         ; yes             ; Megafunction                                 ; /home/michael2/altera_lite/25.1std/quartus/libraries/megafunctions/altrom.inc                                                    ;             ;
; altram.inc                                                         ; yes             ; Megafunction                                 ; /home/michael2/altera_lite/25.1std/quartus/libraries/megafunctions/altram.inc                                                    ;             ;
; altdpram.inc                                                       ; yes             ; Megafunction                                 ; /home/michael2/altera_lite/25.1std/quartus/libraries/megafunctions/altdpram.inc                                                  ;             ;
; db/altsyncram_tdg1.tdf                                             ; yes             ; Auto-Generated Megafunction                  ; /home/michael2/Documents/Classes/ECE554_Minilab1/1b_actually0/db/altsyncram_tdg1.tdf                                             ;             ;
; sld_signaltap.vhd                                                  ; yes             ; Megafunction                                 ; /home/michael2/altera_lite/25.1std/quartus/libraries/megafunctions/sld_signaltap.vhd                                             ;             ;
; sld_signaltap_impl.vhd                                             ; yes             ; Encrypted Megafunction                       ; /home/michael2/altera_lite/25.1std/quartus/libraries/megafunctions/sld_signaltap_impl.vhd                                        ;             ;
; sld_ela_control.vhd                                                ; yes             ; Encrypted Megafunction                       ; /home/michael2/altera_lite/25.1std/quartus/libraries/megafunctions/sld_ela_control.vhd                                           ;             ;
; lpm_shiftreg.tdf                                                   ; yes             ; Megafunction                                 ; /home/michael2/altera_lite/25.1std/quartus/libraries/megafunctions/lpm_shiftreg.tdf                                              ;             ;
; lpm_constant.inc                                                   ; yes             ; Megafunction                                 ; /home/michael2/altera_lite/25.1std/quartus/libraries/megafunctions/lpm_constant.inc                                              ;             ;
; dffeea.inc                                                         ; yes             ; Megafunction                                 ; /home/michael2/altera_lite/25.1std/quartus/libraries/megafunctions/dffeea.inc                                                    ;             ;
; sld_mbpmg.vhd                                                      ; yes             ; Encrypted Megafunction                       ; /home/michael2/altera_lite/25.1std/quartus/libraries/megafunctions/sld_mbpmg.vhd                                                 ;             ;
; sld_ela_trigger_flow_mgr.vhd                                       ; yes             ; Encrypted Megafunction                       ; /home/michael2/altera_lite/25.1std/quartus/libraries/megafunctions/sld_ela_trigger_flow_mgr.vhd                                  ;             ;
; sld_buffer_manager.vhd                                             ; yes             ; Encrypted Megafunction                       ; /home/michael2/altera_lite/25.1std/quartus/libraries/megafunctions/sld_buffer_manager.vhd                                        ;             ;
; db/altsyncram_ce84.tdf                                             ; yes             ; Auto-Generated Megafunction                  ; /home/michael2/Documents/Classes/ECE554_Minilab1/1b_actually0/db/altsyncram_ce84.tdf                                             ;             ;
; altdpram.tdf                                                       ; yes             ; Megafunction                                 ; /home/michael2/altera_lite/25.1std/quartus/libraries/megafunctions/altdpram.tdf                                                  ;             ;
; memmodes.inc                                                       ; yes             ; Megafunction                                 ; /home/michael2/altera_lite/25.1std/quartus/libraries/others/maxplus2/memmodes.inc                                                ;             ;
; a_hdffe.inc                                                        ; yes             ; Megafunction                                 ; /home/michael2/altera_lite/25.1std/quartus/libraries/megafunctions/a_hdffe.inc                                                   ;             ;
; alt_le_rden_reg.inc                                                ; yes             ; Megafunction                                 ; /home/michael2/altera_lite/25.1std/quartus/libraries/megafunctions/alt_le_rden_reg.inc                                           ;             ;
; altsyncram.inc                                                     ; yes             ; Megafunction                                 ; /home/michael2/altera_lite/25.1std/quartus/libraries/megafunctions/altsyncram.inc                                                ;             ;
; lpm_mux.tdf                                                        ; yes             ; Megafunction                                 ; /home/michael2/altera_lite/25.1std/quartus/libraries/megafunctions/lpm_mux.tdf                                                   ;             ;
; muxlut.inc                                                         ; yes             ; Megafunction                                 ; /home/michael2/altera_lite/25.1std/quartus/libraries/megafunctions/muxlut.inc                                                    ;             ;
; bypassff.inc                                                       ; yes             ; Megafunction                                 ; /home/michael2/altera_lite/25.1std/quartus/libraries/megafunctions/bypassff.inc                                                  ;             ;
; altshift.inc                                                       ; yes             ; Megafunction                                 ; /home/michael2/altera_lite/25.1std/quartus/libraries/megafunctions/altshift.inc                                                  ;             ;
; db/mux_elc.tdf                                                     ; yes             ; Auto-Generated Megafunction                  ; /home/michael2/Documents/Classes/ECE554_Minilab1/1b_actually0/db/mux_elc.tdf                                                     ;             ;
; lpm_decode.tdf                                                     ; yes             ; Megafunction                                 ; /home/michael2/altera_lite/25.1std/quartus/libraries/megafunctions/lpm_decode.tdf                                                ;             ;
; declut.inc                                                         ; yes             ; Megafunction                                 ; /home/michael2/altera_lite/25.1std/quartus/libraries/megafunctions/declut.inc                                                    ;             ;
; lpm_compare.inc                                                    ; yes             ; Megafunction                                 ; /home/michael2/altera_lite/25.1std/quartus/libraries/megafunctions/lpm_compare.inc                                               ;             ;
; db/decode_vnf.tdf                                                  ; yes             ; Auto-Generated Megafunction                  ; /home/michael2/Documents/Classes/ECE554_Minilab1/1b_actually0/db/decode_vnf.tdf                                                  ;             ;
; lpm_counter.tdf                                                    ; yes             ; Megafunction                                 ; /home/michael2/altera_lite/25.1std/quartus/libraries/megafunctions/lpm_counter.tdf                                               ;             ;
; lpm_add_sub.inc                                                    ; yes             ; Megafunction                                 ; /home/michael2/altera_lite/25.1std/quartus/libraries/megafunctions/lpm_add_sub.inc                                               ;             ;
; cmpconst.inc                                                       ; yes             ; Megafunction                                 ; /home/michael2/altera_lite/25.1std/quartus/libraries/megafunctions/cmpconst.inc                                                  ;             ;
; lpm_counter.inc                                                    ; yes             ; Megafunction                                 ; /home/michael2/altera_lite/25.1std/quartus/libraries/megafunctions/lpm_counter.inc                                               ;             ;
; alt_counter_stratix.inc                                            ; yes             ; Megafunction                                 ; /home/michael2/altera_lite/25.1std/quartus/libraries/megafunctions/alt_counter_stratix.inc                                       ;             ;
; db/cntr_gai.tdf                                                    ; yes             ; Auto-Generated Megafunction                  ; /home/michael2/Documents/Classes/ECE554_Minilab1/1b_actually0/db/cntr_gai.tdf                                                    ;             ;
; db/cmpr_f9c.tdf                                                    ; yes             ; Auto-Generated Megafunction                  ; /home/michael2/Documents/Classes/ECE554_Minilab1/1b_actually0/db/cmpr_f9c.tdf                                                    ;             ;
; db/cntr_4vi.tdf                                                    ; yes             ; Auto-Generated Megafunction                  ; /home/michael2/Documents/Classes/ECE554_Minilab1/1b_actually0/db/cntr_4vi.tdf                                                    ;             ;
; db/cntr_09i.tdf                                                    ; yes             ; Auto-Generated Megafunction                  ; /home/michael2/Documents/Classes/ECE554_Minilab1/1b_actually0/db/cntr_09i.tdf                                                    ;             ;
; db/cmpr_c9c.tdf                                                    ; yes             ; Auto-Generated Megafunction                  ; /home/michael2/Documents/Classes/ECE554_Minilab1/1b_actually0/db/cmpr_c9c.tdf                                                    ;             ;
; db/cntr_kri.tdf                                                    ; yes             ; Auto-Generated Megafunction                  ; /home/michael2/Documents/Classes/ECE554_Minilab1/1b_actually0/db/cntr_kri.tdf                                                    ;             ;
; db/cmpr_99c.tdf                                                    ; yes             ; Auto-Generated Megafunction                  ; /home/michael2/Documents/Classes/ECE554_Minilab1/1b_actually0/db/cmpr_99c.tdf                                                    ;             ;
; sld_rom_sr.vhd                                                     ; yes             ; Encrypted Megafunction                       ; /home/michael2/altera_lite/25.1std/quartus/libraries/megafunctions/sld_rom_sr.vhd                                                ;             ;
; sld_jtag_endpoint_adapter.vhd                                      ; yes             ; Encrypted Megafunction                       ; /home/michael2/altera_lite/25.1std/quartus/libraries/megafunctions/sld_jtag_endpoint_adapter.vhd                                 ;             ;
; sld_jtag_endpoint_adapter_impl.sv                                  ; yes             ; Encrypted Megafunction                       ; /home/michael2/altera_lite/25.1std/quartus/libraries/megafunctions/sld_jtag_endpoint_adapter_impl.sv                             ;             ;
; sld_hub.vhd                                                        ; yes             ; Encrypted Megafunction                       ; /home/michael2/altera_lite/25.1std/quartus/libraries/megafunctions/sld_hub.vhd                                                   ; altera_sld  ;
; db/ip/sldd0c6bdf8/alt_sld_fab.v                                    ; yes             ; Encrypted Auto-Found Verilog HDL File        ; /home/michael2/Documents/Classes/ECE554_Minilab1/1b_actually0/db/ip/sldd0c6bdf8/alt_sld_fab.v                                    ; alt_sld_fab ;
; db/ip/sldd0c6bdf8/submodules/alt_sld_fab_alt_sld_fab.v             ; yes             ; Encrypted Auto-Found Verilog HDL File        ; /home/michael2/Documents/Classes/ECE554_Minilab1/1b_actually0/db/ip/sldd0c6bdf8/submodules/alt_sld_fab_alt_sld_fab.v             ; alt_sld_fab ;
; db/ip/sldd0c6bdf8/submodules/alt_sld_fab_alt_sld_fab_ident.sv      ; yes             ; Auto-Found SystemVerilog HDL File            ; /home/michael2/Documents/Classes/ECE554_Minilab1/1b_actually0/db/ip/sldd0c6bdf8/submodules/alt_sld_fab_alt_sld_fab_ident.sv      ; alt_sld_fab ;
; db/ip/sldd0c6bdf8/submodules/alt_sld_fab_alt_sld_fab_presplit.sv   ; yes             ; Encrypted Auto-Found SystemVerilog HDL File  ; /home/michael2/Documents/Classes/ECE554_Minilab1/1b_actually0/db/ip/sldd0c6bdf8/submodules/alt_sld_fab_alt_sld_fab_presplit.sv   ; alt_sld_fab ;
; db/ip/sldd0c6bdf8/submodules/alt_sld_fab_alt_sld_fab_sldfabric.vhd ; yes             ; Encrypted Auto-Found VHDL File               ; /home/michael2/Documents/Classes/ECE554_Minilab1/1b_actually0/db/ip/sldd0c6bdf8/submodules/alt_sld_fab_alt_sld_fab_sldfabric.vhd ; alt_sld_fab ;
; db/ip/sldd0c6bdf8/submodules/alt_sld_fab_alt_sld_fab_splitter.sv   ; yes             ; Encrypted Auto-Found SystemVerilog HDL File  ; /home/michael2/Documents/Classes/ECE554_Minilab1/1b_actually0/db/ip/sldd0c6bdf8/submodules/alt_sld_fab_alt_sld_fab_splitter.sv   ; alt_sld_fab ;
; sld_jtag_hub.vhd                                                   ; yes             ; Encrypted Megafunction                       ; /home/michael2/altera_lite/25.1std/quartus/libraries/megafunctions/sld_jtag_hub.vhd                                              ;             ;
+--------------------------------------------------------------------+-----------------+----------------------------------------------+----------------------------------------------------------------------------------------------------------------------------------+-------------+


+--------------------------------------------------------------+
; Analysis & Synthesis Resource Usage Summary                  ;
+---------------------------------------------+----------------+
; Resource                                    ; Usage          ;
+---------------------------------------------+----------------+
; Estimate of Logic utilization (ALMs needed) ; 1440           ;
;                                             ;                ;
; Combinational ALUT usage for logic          ; 1134           ;
;     -- 7 input functions                    ; 1              ;
;     -- 6 input functions                    ; 434            ;
;     -- 5 input functions                    ; 149            ;
;     -- 4 input functions                    ; 77             ;
;     -- <=3 input functions                  ; 473            ;
;                                             ;                ;
; Dedicated logic registers                   ; 2400           ;
;                                             ;                ;
; I/O pins                                    ; 70             ;
; Total MLAB memory bits                      ; 0              ;
; Total block memory bits                     ; 13632          ;
;                                             ;                ;
; Total DSP Blocks                            ; 8              ;
;                                             ;                ;
; Maximum fan-out node                        ; CLOCK_50~input ;
; Maximum fan-out                             ; 2104           ;
; Total fan-out                               ; 16003          ;
; Average fan-out                             ; 4.15           ;
+---------------------------------------------+----------------+


+----------------------------------------------------------------------------------------------------------------------------------------------------------------------------------------------------------------------------------------------------------------------------------------------------------------------------------------------------------------------------------------------------------------------------------------------------------------------------------------------------------------------------------------------------------------------------------------------------------------------------------------------------------------+
; Analysis & Synthesis Resource Utilization by Entity                                                                                                                                                                                                                                                                                                                                                                                                                                                                                                                                                                                                            ;
+-----------------------------------------------------------------------------------------------------------------------------------------+---------------------+---------------------------+-------------------+------------+------+--------------+----------------------------------------------------------------------------------------------------------------------------------------------------------------------------------------------------------------------------------------------------------------------------------------------------------------------------------------------------------+-----------------------------------+--------------+
; Compilation Hierarchy Node                                                                                                              ; Combinational ALUTs ; Dedicated Logic Registers ; Block Memory Bits ; DSP Blocks ; Pins ; Virtual Pins ; Full Hierarchy Name                                                                                                                                                                                                                                                                                                                                      ; Entity Name                       ; Library Name ;
+-----------------------------------------------------------------------------------------------------------------------------------------+---------------------+---------------------------+-------------------+------------+------+--------------+----------------------------------------------------------------------------------------------------------------------------------------------------------------------------------------------------------------------------------------------------------------------------------------------------------------------------------------------------------+-----------------------------------+--------------+
; |Minilab1b_T2                                                                                                                           ; 1134 (184)          ; 2400 (33)                 ; 13632             ; 8          ; 70   ; 0            ; |Minilab1b_T2                                                                                                                                                                                                                                                                                                                                            ; Minilab1b_T2                      ; work         ;
;    |mat_vec_mult_t:iMAC|                                                                                                                ; 598 (13)            ; 1122 (83)                 ; 0                 ; 8          ; 0    ; 0            ; |Minilab1b_T2|mat_vec_mult_t:iMAC                                                                                                                                                                                                                                                                                                                        ; mat_vec_mult_t                    ; work         ;
;       |FIFO:b_vec|                                                                                                                      ; 41 (41)             ; 79 (79)                   ; 0                 ; 0          ; 0    ; 0            ; |Minilab1b_T2|mat_vec_mult_t:iMAC|FIFO:b_vec                                                                                                                                                                                                                                                                                                             ; FIFO                              ; work         ;
;       |FIFO:hw[0].a_mat|                                                                                                                ; 42 (42)             ; 79 (79)                   ; 0                 ; 0          ; 0    ; 0            ; |Minilab1b_T2|mat_vec_mult_t:iMAC|FIFO:hw[0].a_mat                                                                                                                                                                                                                                                                                                       ; FIFO                              ; work         ;
;       |FIFO:hw[1].a_mat|                                                                                                                ; 42 (42)             ; 79 (79)                   ; 0                 ; 0          ; 0    ; 0            ; |Minilab1b_T2|mat_vec_mult_t:iMAC|FIFO:hw[1].a_mat                                                                                                                                                                                                                                                                                                       ; FIFO                              ; work         ;
;       |FIFO:hw[2].a_mat|                                                                                                                ; 42 (42)             ; 79 (79)                   ; 0                 ; 0          ; 0    ; 0            ; |Minilab1b_T2|mat_vec_mult_t:iMAC|FIFO:hw[2].a_mat                                                                                                                                                                                                                                                                                                       ; FIFO                              ; work         ;
;       |FIFO:hw[3].a_mat|                                                                                                                ; 42 (42)             ; 79 (79)                   ; 0                 ; 0          ; 0    ; 0            ; |Minilab1b_T2|mat_vec_mult_t:iMAC|FIFO:hw[3].a_mat                                                                                                                                                                                                                                                                                                       ; FIFO                              ; work         ;
;       |FIFO:hw[4].a_mat|                                                                                                                ; 42 (42)             ; 79 (79)                   ; 0                 ; 0          ; 0    ; 0            ; |Minilab1b_T2|mat_vec_mult_t:iMAC|FIFO:hw[4].a_mat                                                                                                                                                                                                                                                                                                       ; FIFO                              ; work         ;
;       |FIFO:hw[5].a_mat|                                                                                                                ; 42 (42)             ; 79 (79)                   ; 0                 ; 0          ; 0    ; 0            ; |Minilab1b_T2|mat_vec_mult_t:iMAC|FIFO:hw[5].a_mat                                                                                                                                                                                                                                                                                                       ; FIFO                              ; work         ;
;       |FIFO:hw[6].a_mat|                                                                                                                ; 42 (42)             ; 79 (79)                   ; 0                 ; 0          ; 0    ; 0            ; |Minilab1b_T2|mat_vec_mult_t:iMAC|FIFO:hw[6].a_mat                                                                                                                                                                                                                                                                                                       ; FIFO                              ; work         ;
;       |FIFO:hw[7].a_mat|                                                                                                                ; 42 (42)             ; 79 (79)                   ; 0                 ; 0          ; 0    ; 0            ; |Minilab1b_T2|mat_vec_mult_t:iMAC|FIFO:hw[7].a_mat                                                                                                                                                                                                                                                                                                       ; FIFO                              ; work         ;
;       |MAC:hw[0].mat_arr|                                                                                                               ; 26 (26)             ; 41 (41)                   ; 0                 ; 1          ; 0    ; 0            ; |Minilab1b_T2|mat_vec_mult_t:iMAC|MAC:hw[0].mat_arr                                                                                                                                                                                                                                                                                                      ; MAC                               ; work         ;
;       |MAC:hw[1].mat_arr|                                                                                                               ; 26 (26)             ; 41 (41)                   ; 0                 ; 1          ; 0    ; 0            ; |Minilab1b_T2|mat_vec_mult_t:iMAC|MAC:hw[1].mat_arr                                                                                                                                                                                                                                                                                                      ; MAC                               ; work         ;
;       |MAC:hw[2].mat_arr|                                                                                                               ; 26 (26)             ; 41 (41)                   ; 0                 ; 1          ; 0    ; 0            ; |Minilab1b_T2|mat_vec_mult_t:iMAC|MAC:hw[2].mat_arr                                                                                                                                                                                                                                                                                                      ; MAC                               ; work         ;
;       |MAC:hw[3].mat_arr|                                                                                                               ; 26 (26)             ; 41 (41)                   ; 0                 ; 1          ; 0    ; 0            ; |Minilab1b_T2|mat_vec_mult_t:iMAC|MAC:hw[3].mat_arr                                                                                                                                                                                                                                                                                                      ; MAC                               ; work         ;
;       |MAC:hw[4].mat_arr|                                                                                                               ; 26 (26)             ; 41 (41)                   ; 0                 ; 1          ; 0    ; 0            ; |Minilab1b_T2|mat_vec_mult_t:iMAC|MAC:hw[4].mat_arr                                                                                                                                                                                                                                                                                                      ; MAC                               ; work         ;
;       |MAC:hw[5].mat_arr|                                                                                                               ; 26 (26)             ; 41 (41)                   ; 0                 ; 1          ; 0    ; 0            ; |Minilab1b_T2|mat_vec_mult_t:iMAC|MAC:hw[5].mat_arr                                                                                                                                                                                                                                                                                                      ; MAC                               ; work         ;
;       |MAC:hw[6].mat_arr|                                                                                                               ; 26 (26)             ; 41 (41)                   ; 0                 ; 1          ; 0    ; 0            ; |Minilab1b_T2|mat_vec_mult_t:iMAC|MAC:hw[6].mat_arr                                                                                                                                                                                                                                                                                                      ; MAC                               ; work         ;
;       |MAC:hw[7].mat_arr|                                                                                                               ; 26 (26)             ; 41 (41)                   ; 0                 ; 1          ; 0    ; 0            ; |Minilab1b_T2|mat_vec_mult_t:iMAC|MAC:hw[7].mat_arr                                                                                                                                                                                                                                                                                                      ; MAC                               ; work         ;
;    |mem_wrapper:iRemember|                                                                                                              ; 12 (12)             ; 77 (77)                   ; 576               ; 0          ; 0    ; 0            ; |Minilab1b_T2|mem_wrapper:iRemember                                                                                                                                                                                                                                                                                                                      ; mem_wrapper                       ; work         ;
;       |rom:memory|                                                                                                                      ; 0 (0)               ; 0 (0)                     ; 576               ; 0          ; 0    ; 0            ; |Minilab1b_T2|mem_wrapper:iRemember|rom:memory                                                                                                                                                                                                                                                                                                           ; rom                               ; work         ;
;          |altsyncram:altsyncram_component|                                                                                              ; 0 (0)               ; 0 (0)                     ; 576               ; 0          ; 0    ; 0            ; |Minilab1b_T2|mem_wrapper:iRemember|rom:memory|altsyncram:altsyncram_component                                                                                                                                                                                                                                                                           ; altsyncram                        ; work         ;
;             |altsyncram_tdg1:auto_generated|                                                                                            ; 0 (0)               ; 0 (0)                     ; 576               ; 0          ; 0    ; 0            ; |Minilab1b_T2|mem_wrapper:iRemember|rom:memory|altsyncram:altsyncram_component|altsyncram_tdg1:auto_generated                                                                                                                                                                                                                                            ; altsyncram_tdg1                   ; work         ;
;    |sld_hub:auto_hub|                                                                                                                   ; 92 (1)              ; 90 (0)                    ; 0                 ; 0          ; 0    ; 0            ; |Minilab1b_T2|sld_hub:auto_hub                                                                                                                                                                                                                                                                                                                           ; sld_hub                           ; altera_sld   ;
;       |alt_sld_fab_with_jtag_input:\instrumentation_fabric_with_node_gen:fabric_gen_new_way:with_jtag_input_gen:instrumentation_fabric| ; 91 (0)              ; 90 (0)                    ; 0                 ; 0          ; 0    ; 0            ; |Minilab1b_T2|sld_hub:auto_hub|alt_sld_fab_with_jtag_input:\instrumentation_fabric_with_node_gen:fabric_gen_new_way:with_jtag_input_gen:instrumentation_fabric                                                                                                                                                                                           ; alt_sld_fab_with_jtag_input       ; altera_sld   ;
;          |alt_sld_fab:instrumentation_fabric|                                                                                           ; 91 (0)              ; 90 (0)                    ; 0                 ; 0          ; 0    ; 0            ; |Minilab1b_T2|sld_hub:auto_hub|alt_sld_fab_with_jtag_input:\instrumentation_fabric_with_node_gen:fabric_gen_new_way:with_jtag_input_gen:instrumentation_fabric|alt_sld_fab:instrumentation_fabric                                                                                                                                                        ; alt_sld_fab                       ; alt_sld_fab  ;
;             |alt_sld_fab_alt_sld_fab:alt_sld_fab|                                                                                       ; 91 (1)              ; 90 (5)                    ; 0                 ; 0          ; 0    ; 0            ; |Minilab1b_T2|sld_hub:auto_hub|alt_sld_fab_with_jtag_input:\instrumentation_fabric_with_node_gen:fabric_gen_new_way:with_jtag_input_gen:instrumentation_fabric|alt_sld_fab:instrumentation_fabric|alt_sld_fab_alt_sld_fab:alt_sld_fab                                                                                                                    ; alt_sld_fab_alt_sld_fab           ; alt_sld_fab  ;
;                |alt_sld_fab_alt_sld_fab_sldfabric:sldfabric|                                                                            ; 90 (0)              ; 85 (0)                    ; 0                 ; 0          ; 0    ; 0            ; |Minilab1b_T2|sld_hub:auto_hub|alt_sld_fab_with_jtag_input:\instrumentation_fabric_with_node_gen:fabric_gen_new_way:with_jtag_input_gen:instrumentation_fabric|alt_sld_fab:instrumentation_fabric|alt_sld_fab_alt_sld_fab:alt_sld_fab|alt_sld_fab_alt_sld_fab_sldfabric:sldfabric                                                                        ; alt_sld_fab_alt_sld_fab_sldfabric ; alt_sld_fab  ;
;                   |sld_jtag_hub:\jtag_hub_gen:real_sld_jtag_hub|                                                                        ; 90 (57)             ; 85 (57)                   ; 0                 ; 0          ; 0    ; 0            ; |Minilab1b_T2|sld_hub:auto_hub|alt_sld_fab_with_jtag_input:\instrumentation_fabric_with_node_gen:fabric_gen_new_way:with_jtag_input_gen:instrumentation_fabric|alt_sld_fab:instrumentation_fabric|alt_sld_fab_alt_sld_fab:alt_sld_fab|alt_sld_fab_alt_sld_fab_sldfabric:sldfabric|sld_jtag_hub:\jtag_hub_gen:real_sld_jtag_hub                           ; sld_jtag_hub                      ; work         ;
;                      |sld_rom_sr:hub_info_reg|                                                                                          ; 15 (15)             ; 9 (9)                     ; 0                 ; 0          ; 0    ; 0            ; |Minilab1b_T2|sld_hub:auto_hub|alt_sld_fab_with_jtag_input:\instrumentation_fabric_with_node_gen:fabric_gen_new_way:with_jtag_input_gen:instrumentation_fabric|alt_sld_fab:instrumentation_fabric|alt_sld_fab_alt_sld_fab:alt_sld_fab|alt_sld_fab_alt_sld_fab_sldfabric:sldfabric|sld_jtag_hub:\jtag_hub_gen:real_sld_jtag_hub|sld_rom_sr:hub_info_reg   ; sld_rom_sr                        ; work         ;
;                      |sld_shadow_jsm:shadow_jsm|                                                                                        ; 18 (18)             ; 19 (19)                   ; 0                 ; 0          ; 0    ; 0            ; |Minilab1b_T2|sld_hub:auto_hub|alt_sld_fab_with_jtag_input:\instrumentation_fabric_with_node_gen:fabric_gen_new_way:with_jtag_input_gen:instrumentation_fabric|alt_sld_fab:instrumentation_fabric|alt_sld_fab_alt_sld_fab:alt_sld_fab|alt_sld_fab_alt_sld_fab_sldfabric:sldfabric|sld_jtag_hub:\jtag_hub_gen:real_sld_jtag_hub|sld_shadow_jsm:shadow_jsm ; sld_shadow_jsm                    ; altera_sld   ;
;    |sld_signaltap:auto_signaltap_0|                                                                                                     ; 248 (2)             ; 1078 (134)                ; 13056             ; 0          ; 0    ; 0            ; |Minilab1b_T2|sld_signaltap:auto_signaltap_0                                                                                                                                                                                                                                                                                                             ; sld_signaltap                     ; work         ;
;       |sld_signaltap_impl:sld_signaltap_body|                                                                                           ; 246 (0)             ; 944 (0)                   ; 13056             ; 0          ; 0    ; 0            ; |Minilab1b_T2|sld_signaltap:auto_signaltap_0|sld_signaltap_impl:sld_signaltap_body                                                                                                                                                                                                                                                                       ; sld_signaltap_impl                ; work         ;
;          |sld_signaltap_implb:sld_signaltap_body|                                                                                       ; 246 (67)            ; 944 (482)                 ; 13056             ; 0          ; 0    ; 0            ; |Minilab1b_T2|sld_signaltap:auto_signaltap_0|sld_signaltap_impl:sld_signaltap_body|sld_signaltap_implb:sld_signaltap_body                                                                                                                                                                                                                                ; sld_signaltap_implb               ; work         ;
;             |altdpram:\stp_non_zero_ram_gen:attribute_mem_gen:attribute_mem|                                                            ; 2 (0)               ; 46 (46)                   ; 0                 ; 0          ; 0    ; 0            ; |Minilab1b_T2|sld_signaltap:auto_signaltap_0|sld_signaltap_impl:sld_signaltap_body|sld_signaltap_implb:sld_signaltap_body|altdpram:\stp_non_zero_ram_gen:attribute_mem_gen:attribute_mem                                                                                                                                                                 ; altdpram                          ; work         ;
;                |lpm_decode:wdecoder|                                                                                                    ; 2 (0)               ; 0 (0)                     ; 0                 ; 0          ; 0    ; 0            ; |Minilab1b_T2|sld_signaltap:auto_signaltap_0|sld_signaltap_impl:sld_signaltap_body|sld_signaltap_implb:sld_signaltap_body|altdpram:\stp_non_zero_ram_gen:attribute_mem_gen:attribute_mem|lpm_decode:wdecoder                                                                                                                                             ; lpm_decode                        ; work         ;
;                   |decode_vnf:auto_generated|                                                                                           ; 2 (2)               ; 0 (0)                     ; 0                 ; 0          ; 0    ; 0            ; |Minilab1b_T2|sld_signaltap:auto_signaltap_0|sld_signaltap_impl:sld_signaltap_body|sld_signaltap_implb:sld_signaltap_body|altdpram:\stp_non_zero_ram_gen:attribute_mem_gen:attribute_mem|lpm_decode:wdecoder|decode_vnf:auto_generated                                                                                                                   ; decode_vnf                        ; work         ;
;             |altsyncram:\stp_non_zero_ram_gen:stp_buffer_ram|                                                                           ; 0 (0)               ; 0 (0)                     ; 13056             ; 0          ; 0    ; 0            ; |Minilab1b_T2|sld_signaltap:auto_signaltap_0|sld_signaltap_impl:sld_signaltap_body|sld_signaltap_implb:sld_signaltap_body|altsyncram:\stp_non_zero_ram_gen:stp_buffer_ram                                                                                                                                                                                ; altsyncram                        ; work         ;
;                |altsyncram_ce84:auto_generated|                                                                                         ; 0 (0)               ; 0 (0)                     ; 13056             ; 0          ; 0    ; 0            ; |Minilab1b_T2|sld_signaltap:auto_signaltap_0|sld_signaltap_impl:sld_signaltap_body|sld_signaltap_implb:sld_signaltap_body|altsyncram:\stp_non_zero_ram_gen:stp_buffer_ram|altsyncram_ce84:auto_generated                                                                                                                                                 ; altsyncram_ce84                   ; work         ;
;             |lpm_shiftreg:segment_offset_config_deserialize|                                                                            ; 0 (0)               ; 7 (7)                     ; 0                 ; 0          ; 0    ; 0            ; |Minilab1b_T2|sld_signaltap:auto_signaltap_0|sld_signaltap_impl:sld_signaltap_body|sld_signaltap_implb:sld_signaltap_body|lpm_shiftreg:segment_offset_config_deserialize                                                                                                                                                                                 ; lpm_shiftreg                      ; work         ;
;             |lpm_shiftreg:status_register|                                                                                              ; 17 (17)             ; 17 (17)                   ; 0                 ; 0          ; 0    ; 0            ; |Minilab1b_T2|sld_signaltap:auto_signaltap_0|sld_signaltap_impl:sld_signaltap_body|sld_signaltap_implb:sld_signaltap_body|lpm_shiftreg:status_register                                                                                                                                                                                                   ; lpm_shiftreg                      ; work         ;
;             |serial_crc_16:\tdo_crc_gen:tdo_crc_calc|                                                                                   ; 4 (4)               ; 13 (13)                   ; 0                 ; 0          ; 0    ; 0            ; |Minilab1b_T2|sld_signaltap:auto_signaltap_0|sld_signaltap_impl:sld_signaltap_body|sld_signaltap_implb:sld_signaltap_body|serial_crc_16:\tdo_crc_gen:tdo_crc_calc                                                                                                                                                                                        ; serial_crc_16                     ; work         ;
;             |sld_buffer_manager:sld_buffer_manager_inst|                                                                                ; 58 (58)             ; 44 (44)                   ; 0                 ; 0          ; 0    ; 0            ; |Minilab1b_T2|sld_signaltap:auto_signaltap_0|sld_signaltap_impl:sld_signaltap_body|sld_signaltap_implb:sld_signaltap_body|sld_buffer_manager:sld_buffer_manager_inst                                                                                                                                                                                     ; sld_buffer_manager                ; work         ;
;             |sld_ela_control:ela_control|                                                                                               ; 41 (1)              ; 176 (1)                   ; 0                 ; 0          ; 0    ; 0            ; |Minilab1b_T2|sld_signaltap:auto_signaltap_0|sld_signaltap_impl:sld_signaltap_body|sld_signaltap_implb:sld_signaltap_body|sld_ela_control:ela_control                                                                                                                                                                                                    ; sld_ela_control                   ; work         ;
;                |lpm_shiftreg:trigger_config_deserialize|                                                                                ; 0 (0)               ; 4 (4)                     ; 0                 ; 0          ; 0    ; 0            ; |Minilab1b_T2|sld_signaltap:auto_signaltap_0|sld_signaltap_impl:sld_signaltap_body|sld_signaltap_implb:sld_signaltap_body|sld_ela_control:ela_control|lpm_shiftreg:trigger_config_deserialize                                                                                                                                                            ; lpm_shiftreg                      ; work         ;
;                |sld_ela_basic_multi_level_trigger:\basic_multi_level_mbpm_trigger_gen:multi_level_mbpm|                                 ; 32 (0)              ; 160 (0)                   ; 0                 ; 0          ; 0    ; 0            ; |Minilab1b_T2|sld_signaltap:auto_signaltap_0|sld_signaltap_impl:sld_signaltap_body|sld_signaltap_implb:sld_signaltap_body|sld_ela_control:ela_control|sld_ela_basic_multi_level_trigger:\basic_multi_level_mbpm_trigger_gen:multi_level_mbpm                                                                                                             ; sld_ela_basic_multi_level_trigger ; work         ;
;                   |lpm_shiftreg:trigger_condition_deserialize|                                                                          ; 0 (0)               ; 96 (96)                   ; 0                 ; 0          ; 0    ; 0            ; |Minilab1b_T2|sld_signaltap:auto_signaltap_0|sld_signaltap_impl:sld_signaltap_body|sld_signaltap_implb:sld_signaltap_body|sld_ela_control:ela_control|sld_ela_basic_multi_level_trigger:\basic_multi_level_mbpm_trigger_gen:multi_level_mbpm|lpm_shiftreg:trigger_condition_deserialize                                                                  ; lpm_shiftreg                      ; work         ;
;                   |sld_mbpmg:\trigger_modules_gen:0:trigger_match|                                                                      ; 32 (0)              ; 64 (0)                    ; 0                 ; 0          ; 0    ; 0            ; |Minilab1b_T2|sld_signaltap:auto_signaltap_0|sld_signaltap_impl:sld_signaltap_body|sld_signaltap_implb:sld_signaltap_body|sld_ela_control:ela_control|sld_ela_basic_multi_level_trigger:\basic_multi_level_mbpm_trigger_gen:multi_level_mbpm|sld_mbpmg:\trigger_modules_gen:0:trigger_match                                                              ; sld_mbpmg                         ; work         ;
;                      |sld_sbpmg:\gen_sbpmg_pipeline_less_than_two:sm0:0:sm1|                                                            ; 1 (1)               ; 2 (2)                     ; 0                 ; 0          ; 0    ; 0            ; |Minilab1b_T2|sld_signaltap:auto_signaltap_0|sld_signaltap_impl:sld_signaltap_body|sld_signaltap_implb:sld_signaltap_body|sld_ela_control:ela_control|sld_ela_basic_multi_level_trigger:\basic_multi_level_mbpm_trigger_gen:multi_level_mbpm|sld_mbpmg:\trigger_modules_gen:0:trigger_match|sld_sbpmg:\gen_sbpmg_pipeline_less_than_two:sm0:0:sm1        ; sld_sbpmg                         ; work         ;
;                      |sld_sbpmg:\gen_sbpmg_pipeline_less_than_two:sm0:10:sm1|                                                           ; 1 (1)               ; 2 (2)                     ; 0                 ; 0          ; 0    ; 0            ; |Minilab1b_T2|sld_signaltap:auto_signaltap_0|sld_signaltap_impl:sld_signaltap_body|sld_signaltap_implb:sld_signaltap_body|sld_ela_control:ela_control|sld_ela_basic_multi_level_trigger:\basic_multi_level_mbpm_trigger_gen:multi_level_mbpm|sld_mbpmg:\trigger_modules_gen:0:trigger_match|sld_sbpmg:\gen_sbpmg_pipeline_less_than_two:sm0:10:sm1       ; sld_sbpmg                         ; work         ;
;                      |sld_sbpmg:\gen_sbpmg_pipeline_less_than_two:sm0:11:sm1|                                                           ; 1 (1)               ; 2 (2)                     ; 0                 ; 0          ; 0    ; 0            ; |Minilab1b_T2|sld_signaltap:auto_signaltap_0|sld_signaltap_impl:sld_signaltap_body|sld_signaltap_implb:sld_signaltap_body|sld_ela_control:ela_control|sld_ela_basic_multi_level_trigger:\basic_multi_level_mbpm_trigger_gen:multi_level_mbpm|sld_mbpmg:\trigger_modules_gen:0:trigger_match|sld_sbpmg:\gen_sbpmg_pipeline_less_than_two:sm0:11:sm1       ; sld_sbpmg                         ; work         ;
;                      |sld_sbpmg:\gen_sbpmg_pipeline_less_than_two:sm0:12:sm1|                                                           ; 1 (1)               ; 2 (2)                     ; 0                 ; 0          ; 0    ; 0            ; |Minilab1b_T2|sld_signaltap:auto_signaltap_0|sld_signaltap_impl:sld_signaltap_body|sld_signaltap_implb:sld_signaltap_body|sld_ela_control:ela_control|sld_ela_basic_multi_level_trigger:\basic_multi_level_mbpm_trigger_gen:multi_level_mbpm|sld_mbpmg:\trigger_modules_gen:0:trigger_match|sld_sbpmg:\gen_sbpmg_pipeline_less_than_two:sm0:12:sm1       ; sld_sbpmg                         ; work         ;
;                      |sld_sbpmg:\gen_sbpmg_pipeline_less_than_two:sm0:13:sm1|                                                           ; 1 (1)               ; 2 (2)                     ; 0                 ; 0          ; 0    ; 0            ; |Minilab1b_T2|sld_signaltap:auto_signaltap_0|sld_signaltap_impl:sld_signaltap_body|sld_signaltap_implb:sld_signaltap_body|sld_ela_control:ela_control|sld_ela_basic_multi_level_trigger:\basic_multi_level_mbpm_trigger_gen:multi_level_mbpm|sld_mbpmg:\trigger_modules_gen:0:trigger_match|sld_sbpmg:\gen_sbpmg_pipeline_less_than_two:sm0:13:sm1       ; sld_sbpmg                         ; work         ;
;                      |sld_sbpmg:\gen_sbpmg_pipeline_less_than_two:sm0:14:sm1|                                                           ; 1 (1)               ; 2 (2)                     ; 0                 ; 0          ; 0    ; 0            ; |Minilab1b_T2|sld_signaltap:auto_signaltap_0|sld_signaltap_impl:sld_signaltap_body|sld_signaltap_implb:sld_signaltap_body|sld_ela_control:ela_control|sld_ela_basic_multi_level_trigger:\basic_multi_level_mbpm_trigger_gen:multi_level_mbpm|sld_mbpmg:\trigger_modules_gen:0:trigger_match|sld_sbpmg:\gen_sbpmg_pipeline_less_than_two:sm0:14:sm1       ; sld_sbpmg                         ; work         ;
;                      |sld_sbpmg:\gen_sbpmg_pipeline_less_than_two:sm0:15:sm1|                                                           ; 1 (1)               ; 2 (2)                     ; 0                 ; 0          ; 0    ; 0            ; |Minilab1b_T2|sld_signaltap:auto_signaltap_0|sld_signaltap_impl:sld_signaltap_body|sld_signaltap_implb:sld_signaltap_body|sld_ela_control:ela_control|sld_ela_basic_multi_level_trigger:\basic_multi_level_mbpm_trigger_gen:multi_level_mbpm|sld_mbpmg:\trigger_modules_gen:0:trigger_match|sld_sbpmg:\gen_sbpmg_pipeline_less_than_two:sm0:15:sm1       ; sld_sbpmg                         ; work         ;
;                      |sld_sbpmg:\gen_sbpmg_pipeline_less_than_two:sm0:16:sm1|                                                           ; 1 (1)               ; 2 (2)                     ; 0                 ; 0          ; 0    ; 0            ; |Minilab1b_T2|sld_signaltap:auto_signaltap_0|sld_signaltap_impl:sld_signaltap_body|sld_signaltap_implb:sld_signaltap_body|sld_ela_control:ela_control|sld_ela_basic_multi_level_trigger:\basic_multi_level_mbpm_trigger_gen:multi_level_mbpm|sld_mbpmg:\trigger_modules_gen:0:trigger_match|sld_sbpmg:\gen_sbpmg_pipeline_less_than_two:sm0:16:sm1       ; sld_sbpmg                         ; work         ;
;                      |sld_sbpmg:\gen_sbpmg_pipeline_less_than_two:sm0:17:sm1|                                                           ; 1 (1)               ; 2 (2)                     ; 0                 ; 0          ; 0    ; 0            ; |Minilab1b_T2|sld_signaltap:auto_signaltap_0|sld_signaltap_impl:sld_signaltap_body|sld_signaltap_implb:sld_signaltap_body|sld_ela_control:ela_control|sld_ela_basic_multi_level_trigger:\basic_multi_level_mbpm_trigger_gen:multi_level_mbpm|sld_mbpmg:\trigger_modules_gen:0:trigger_match|sld_sbpmg:\gen_sbpmg_pipeline_less_than_two:sm0:17:sm1       ; sld_sbpmg                         ; work         ;
;                      |sld_sbpmg:\gen_sbpmg_pipeline_less_than_two:sm0:18:sm1|                                                           ; 1 (1)               ; 2 (2)                     ; 0                 ; 0          ; 0    ; 0            ; |Minilab1b_T2|sld_signaltap:auto_signaltap_0|sld_signaltap_impl:sld_signaltap_body|sld_signaltap_implb:sld_signaltap_body|sld_ela_control:ela_control|sld_ela_basic_multi_level_trigger:\basic_multi_level_mbpm_trigger_gen:multi_level_mbpm|sld_mbpmg:\trigger_modules_gen:0:trigger_match|sld_sbpmg:\gen_sbpmg_pipeline_less_than_two:sm0:18:sm1       ; sld_sbpmg                         ; work         ;
;                      |sld_sbpmg:\gen_sbpmg_pipeline_less_than_two:sm0:19:sm1|                                                           ; 1 (1)               ; 2 (2)                     ; 0                 ; 0          ; 0    ; 0            ; |Minilab1b_T2|sld_signaltap:auto_signaltap_0|sld_signaltap_impl:sld_signaltap_body|sld_signaltap_implb:sld_signaltap_body|sld_ela_control:ela_control|sld_ela_basic_multi_level_trigger:\basic_multi_level_mbpm_trigger_gen:multi_level_mbpm|sld_mbpmg:\trigger_modules_gen:0:trigger_match|sld_sbpmg:\gen_sbpmg_pipeline_less_than_two:sm0:19:sm1       ; sld_sbpmg                         ; work         ;
;                      |sld_sbpmg:\gen_sbpmg_pipeline_less_than_two:sm0:1:sm1|                                                            ; 1 (1)               ; 2 (2)                     ; 0                 ; 0          ; 0    ; 0            ; |Minilab1b_T2|sld_signaltap:auto_signaltap_0|sld_signaltap_impl:sld_signaltap_body|sld_signaltap_implb:sld_signaltap_body|sld_ela_control:ela_control|sld_ela_basic_multi_level_trigger:\basic_multi_level_mbpm_trigger_gen:multi_level_mbpm|sld_mbpmg:\trigger_modules_gen:0:trigger_match|sld_sbpmg:\gen_sbpmg_pipeline_less_than_two:sm0:1:sm1        ; sld_sbpmg                         ; work         ;
;                      |sld_sbpmg:\gen_sbpmg_pipeline_less_than_two:sm0:20:sm1|                                                           ; 1 (1)               ; 2 (2)                     ; 0                 ; 0          ; 0    ; 0            ; |Minilab1b_T2|sld_signaltap:auto_signaltap_0|sld_signaltap_impl:sld_signaltap_body|sld_signaltap_implb:sld_signaltap_body|sld_ela_control:ela_control|sld_ela_basic_multi_level_trigger:\basic_multi_level_mbpm_trigger_gen:multi_level_mbpm|sld_mbpmg:\trigger_modules_gen:0:trigger_match|sld_sbpmg:\gen_sbpmg_pipeline_less_than_two:sm0:20:sm1       ; sld_sbpmg                         ; work         ;
;                      |sld_sbpmg:\gen_sbpmg_pipeline_less_than_two:sm0:21:sm1|                                                           ; 1 (1)               ; 2 (2)                     ; 0                 ; 0          ; 0    ; 0            ; |Minilab1b_T2|sld_signaltap:auto_signaltap_0|sld_signaltap_impl:sld_signaltap_body|sld_signaltap_implb:sld_signaltap_body|sld_ela_control:ela_control|sld_ela_basic_multi_level_trigger:\basic_multi_level_mbpm_trigger_gen:multi_level_mbpm|sld_mbpmg:\trigger_modules_gen:0:trigger_match|sld_sbpmg:\gen_sbpmg_pipeline_less_than_two:sm0:21:sm1       ; sld_sbpmg                         ; work         ;
;                      |sld_sbpmg:\gen_sbpmg_pipeline_less_than_two:sm0:22:sm1|                                                           ; 1 (1)               ; 2 (2)                     ; 0                 ; 0          ; 0    ; 0            ; |Minilab1b_T2|sld_signaltap:auto_signaltap_0|sld_signaltap_impl:sld_signaltap_body|sld_signaltap_implb:sld_signaltap_body|sld_ela_control:ela_control|sld_ela_basic_multi_level_trigger:\basic_multi_level_mbpm_trigger_gen:multi_level_mbpm|sld_mbpmg:\trigger_modules_gen:0:trigger_match|sld_sbpmg:\gen_sbpmg_pipeline_less_than_two:sm0:22:sm1       ; sld_sbpmg                         ; work         ;
;                      |sld_sbpmg:\gen_sbpmg_pipeline_less_than_two:sm0:23:sm1|                                                           ; 1 (1)               ; 2 (2)                     ; 0                 ; 0          ; 0    ; 0            ; |Minilab1b_T2|sld_signaltap:auto_signaltap_0|sld_signaltap_impl:sld_signaltap_body|sld_signaltap_implb:sld_signaltap_body|sld_ela_control:ela_control|sld_ela_basic_multi_level_trigger:\basic_multi_level_mbpm_trigger_gen:multi_level_mbpm|sld_mbpmg:\trigger_modules_gen:0:trigger_match|sld_sbpmg:\gen_sbpmg_pipeline_less_than_two:sm0:23:sm1       ; sld_sbpmg                         ; work         ;
;                      |sld_sbpmg:\gen_sbpmg_pipeline_less_than_two:sm0:24:sm1|                                                           ; 1 (1)               ; 2 (2)                     ; 0                 ; 0          ; 0    ; 0            ; |Minilab1b_T2|sld_signaltap:auto_signaltap_0|sld_signaltap_impl:sld_signaltap_body|sld_signaltap_implb:sld_signaltap_body|sld_ela_control:ela_control|sld_ela_basic_multi_level_trigger:\basic_multi_level_mbpm_trigger_gen:multi_level_mbpm|sld_mbpmg:\trigger_modules_gen:0:trigger_match|sld_sbpmg:\gen_sbpmg_pipeline_less_than_two:sm0:24:sm1       ; sld_sbpmg                         ; work         ;
;                      |sld_sbpmg:\gen_sbpmg_pipeline_less_than_two:sm0:25:sm1|                                                           ; 1 (1)               ; 2 (2)                     ; 0                 ; 0          ; 0    ; 0            ; |Minilab1b_T2|sld_signaltap:auto_signaltap_0|sld_signaltap_impl:sld_signaltap_body|sld_signaltap_implb:sld_signaltap_body|sld_ela_control:ela_control|sld_ela_basic_multi_level_trigger:\basic_multi_level_mbpm_trigger_gen:multi_level_mbpm|sld_mbpmg:\trigger_modules_gen:0:trigger_match|sld_sbpmg:\gen_sbpmg_pipeline_less_than_two:sm0:25:sm1       ; sld_sbpmg                         ; work         ;
;                      |sld_sbpmg:\gen_sbpmg_pipeline_less_than_two:sm0:26:sm1|                                                           ; 1 (1)               ; 2 (2)                     ; 0                 ; 0          ; 0    ; 0            ; |Minilab1b_T2|sld_signaltap:auto_signaltap_0|sld_signaltap_impl:sld_signaltap_body|sld_signaltap_implb:sld_signaltap_body|sld_ela_control:ela_control|sld_ela_basic_multi_level_trigger:\basic_multi_level_mbpm_trigger_gen:multi_level_mbpm|sld_mbpmg:\trigger_modules_gen:0:trigger_match|sld_sbpmg:\gen_sbpmg_pipeline_less_than_two:sm0:26:sm1       ; sld_sbpmg                         ; work         ;
;                      |sld_sbpmg:\gen_sbpmg_pipeline_less_than_two:sm0:27:sm1|                                                           ; 1 (1)               ; 2 (2)                     ; 0                 ; 0          ; 0    ; 0            ; |Minilab1b_T2|sld_signaltap:auto_signaltap_0|sld_signaltap_impl:sld_signaltap_body|sld_signaltap_implb:sld_signaltap_body|sld_ela_control:ela_control|sld_ela_basic_multi_level_trigger:\basic_multi_level_mbpm_trigger_gen:multi_level_mbpm|sld_mbpmg:\trigger_modules_gen:0:trigger_match|sld_sbpmg:\gen_sbpmg_pipeline_less_than_two:sm0:27:sm1       ; sld_sbpmg                         ; work         ;
;                      |sld_sbpmg:\gen_sbpmg_pipeline_less_than_two:sm0:28:sm1|                                                           ; 1 (1)               ; 2 (2)                     ; 0                 ; 0          ; 0    ; 0            ; |Minilab1b_T2|sld_signaltap:auto_signaltap_0|sld_signaltap_impl:sld_signaltap_body|sld_signaltap_implb:sld_signaltap_body|sld_ela_control:ela_control|sld_ela_basic_multi_level_trigger:\basic_multi_level_mbpm_trigger_gen:multi_level_mbpm|sld_mbpmg:\trigger_modules_gen:0:trigger_match|sld_sbpmg:\gen_sbpmg_pipeline_less_than_two:sm0:28:sm1       ; sld_sbpmg                         ; work         ;
;                      |sld_sbpmg:\gen_sbpmg_pipeline_less_than_two:sm0:29:sm1|                                                           ; 1 (1)               ; 2 (2)                     ; 0                 ; 0          ; 0    ; 0            ; |Minilab1b_T2|sld_signaltap:auto_signaltap_0|sld_signaltap_impl:sld_signaltap_body|sld_signaltap_implb:sld_signaltap_body|sld_ela_control:ela_control|sld_ela_basic_multi_level_trigger:\basic_multi_level_mbpm_trigger_gen:multi_level_mbpm|sld_mbpmg:\trigger_modules_gen:0:trigger_match|sld_sbpmg:\gen_sbpmg_pipeline_less_than_two:sm0:29:sm1       ; sld_sbpmg                         ; work         ;
;                      |sld_sbpmg:\gen_sbpmg_pipeline_less_than_two:sm0:2:sm1|                                                            ; 1 (1)               ; 2 (2)                     ; 0                 ; 0          ; 0    ; 0            ; |Minilab1b_T2|sld_signaltap:auto_signaltap_0|sld_signaltap_impl:sld_signaltap_body|sld_signaltap_implb:sld_signaltap_body|sld_ela_control:ela_control|sld_ela_basic_multi_level_trigger:\basic_multi_level_mbpm_trigger_gen:multi_level_mbpm|sld_mbpmg:\trigger_modules_gen:0:trigger_match|sld_sbpmg:\gen_sbpmg_pipeline_less_than_two:sm0:2:sm1        ; sld_sbpmg                         ; work         ;
;                      |sld_sbpmg:\gen_sbpmg_pipeline_less_than_two:sm0:30:sm1|                                                           ; 1 (1)               ; 2 (2)                     ; 0                 ; 0          ; 0    ; 0            ; |Minilab1b_T2|sld_signaltap:auto_signaltap_0|sld_signaltap_impl:sld_signaltap_body|sld_signaltap_implb:sld_signaltap_body|sld_ela_control:ela_control|sld_ela_basic_multi_level_trigger:\basic_multi_level_mbpm_trigger_gen:multi_level_mbpm|sld_mbpmg:\trigger_modules_gen:0:trigger_match|sld_sbpmg:\gen_sbpmg_pipeline_less_than_two:sm0:30:sm1       ; sld_sbpmg                         ; work         ;
;                      |sld_sbpmg:\gen_sbpmg_pipeline_less_than_two:sm0:31:sm1|                                                           ; 1 (1)               ; 2 (2)                     ; 0                 ; 0          ; 0    ; 0            ; |Minilab1b_T2|sld_signaltap:auto_signaltap_0|sld_signaltap_impl:sld_signaltap_body|sld_signaltap_implb:sld_signaltap_body|sld_ela_control:ela_control|sld_ela_basic_multi_level_trigger:\basic_multi_level_mbpm_trigger_gen:multi_level_mbpm|sld_mbpmg:\trigger_modules_gen:0:trigger_match|sld_sbpmg:\gen_sbpmg_pipeline_less_than_two:sm0:31:sm1       ; sld_sbpmg                         ; work         ;
;                      |sld_sbpmg:\gen_sbpmg_pipeline_less_than_two:sm0:3:sm1|                                                            ; 1 (1)               ; 2 (2)                     ; 0                 ; 0          ; 0    ; 0            ; |Minilab1b_T2|sld_signaltap:auto_signaltap_0|sld_signaltap_impl:sld_signaltap_body|sld_signaltap_implb:sld_signaltap_body|sld_ela_control:ela_control|sld_ela_basic_multi_level_trigger:\basic_multi_level_mbpm_trigger_gen:multi_level_mbpm|sld_mbpmg:\trigger_modules_gen:0:trigger_match|sld_sbpmg:\gen_sbpmg_pipeline_less_than_two:sm0:3:sm1        ; sld_sbpmg                         ; work         ;
;                      |sld_sbpmg:\gen_sbpmg_pipeline_less_than_two:sm0:4:sm1|                                                            ; 1 (1)               ; 2 (2)                     ; 0                 ; 0          ; 0    ; 0            ; |Minilab1b_T2|sld_signaltap:auto_signaltap_0|sld_signaltap_impl:sld_signaltap_body|sld_signaltap_implb:sld_signaltap_body|sld_ela_control:ela_control|sld_ela_basic_multi_level_trigger:\basic_multi_level_mbpm_trigger_gen:multi_level_mbpm|sld_mbpmg:\trigger_modules_gen:0:trigger_match|sld_sbpmg:\gen_sbpmg_pipeline_less_than_two:sm0:4:sm1        ; sld_sbpmg                         ; work         ;
;                      |sld_sbpmg:\gen_sbpmg_pipeline_less_than_two:sm0:5:sm1|                                                            ; 1 (1)               ; 2 (2)                     ; 0                 ; 0          ; 0    ; 0            ; |Minilab1b_T2|sld_signaltap:auto_signaltap_0|sld_signaltap_impl:sld_signaltap_body|sld_signaltap_implb:sld_signaltap_body|sld_ela_control:ela_control|sld_ela_basic_multi_level_trigger:\basic_multi_level_mbpm_trigger_gen:multi_level_mbpm|sld_mbpmg:\trigger_modules_gen:0:trigger_match|sld_sbpmg:\gen_sbpmg_pipeline_less_than_two:sm0:5:sm1        ; sld_sbpmg                         ; work         ;
;                      |sld_sbpmg:\gen_sbpmg_pipeline_less_than_two:sm0:6:sm1|                                                            ; 1 (1)               ; 2 (2)                     ; 0                 ; 0          ; 0    ; 0            ; |Minilab1b_T2|sld_signaltap:auto_signaltap_0|sld_signaltap_impl:sld_signaltap_body|sld_signaltap_implb:sld_signaltap_body|sld_ela_control:ela_control|sld_ela_basic_multi_level_trigger:\basic_multi_level_mbpm_trigger_gen:multi_level_mbpm|sld_mbpmg:\trigger_modules_gen:0:trigger_match|sld_sbpmg:\gen_sbpmg_pipeline_less_than_two:sm0:6:sm1        ; sld_sbpmg                         ; work         ;
;                      |sld_sbpmg:\gen_sbpmg_pipeline_less_than_two:sm0:7:sm1|                                                            ; 1 (1)               ; 2 (2)                     ; 0                 ; 0          ; 0    ; 0            ; |Minilab1b_T2|sld_signaltap:auto_signaltap_0|sld_signaltap_impl:sld_signaltap_body|sld_signaltap_implb:sld_signaltap_body|sld_ela_control:ela_control|sld_ela_basic_multi_level_trigger:\basic_multi_level_mbpm_trigger_gen:multi_level_mbpm|sld_mbpmg:\trigger_modules_gen:0:trigger_match|sld_sbpmg:\gen_sbpmg_pipeline_less_than_two:sm0:7:sm1        ; sld_sbpmg                         ; work         ;
;                      |sld_sbpmg:\gen_sbpmg_pipeline_less_than_two:sm0:8:sm1|                                                            ; 1 (1)               ; 2 (2)                     ; 0                 ; 0          ; 0    ; 0            ; |Minilab1b_T2|sld_signaltap:auto_signaltap_0|sld_signaltap_impl:sld_signaltap_body|sld_signaltap_implb:sld_signaltap_body|sld_ela_control:ela_control|sld_ela_basic_multi_level_trigger:\basic_multi_level_mbpm_trigger_gen:multi_level_mbpm|sld_mbpmg:\trigger_modules_gen:0:trigger_match|sld_sbpmg:\gen_sbpmg_pipeline_less_than_two:sm0:8:sm1        ; sld_sbpmg                         ; work         ;
;                      |sld_sbpmg:\gen_sbpmg_pipeline_less_than_two:sm0:9:sm1|                                                            ; 1 (1)               ; 2 (2)                     ; 0                 ; 0          ; 0    ; 0            ; |Minilab1b_T2|sld_signaltap:auto_signaltap_0|sld_signaltap_impl:sld_signaltap_body|sld_signaltap_implb:sld_signaltap_body|sld_ela_control:ela_control|sld_ela_basic_multi_level_trigger:\basic_multi_level_mbpm_trigger_gen:multi_level_mbpm|sld_mbpmg:\trigger_modules_gen:0:trigger_match|sld_sbpmg:\gen_sbpmg_pipeline_less_than_two:sm0:9:sm1        ; sld_sbpmg                         ; work         ;
;                |sld_ela_trigger_flow_mgr:\builtin:ela_trigger_flow_mgr_entity|                                                          ; 8 (8)               ; 11 (1)                    ; 0                 ; 0          ; 0    ; 0            ; |Minilab1b_T2|sld_signaltap:auto_signaltap_0|sld_signaltap_impl:sld_signaltap_body|sld_signaltap_implb:sld_signaltap_body|sld_ela_control:ela_control|sld_ela_trigger_flow_mgr:\builtin:ela_trigger_flow_mgr_entity                                                                                                                                      ; sld_ela_trigger_flow_mgr          ; work         ;
;                   |lpm_shiftreg:trigger_config_deserialize|                                                                             ; 0 (0)               ; 10 (10)                   ; 0                 ; 0          ; 0    ; 0            ; |Minilab1b_T2|sld_signaltap:auto_signaltap_0|sld_signaltap_impl:sld_signaltap_body|sld_signaltap_implb:sld_signaltap_body|sld_ela_control:ela_control|sld_ela_trigger_flow_mgr:\builtin:ela_trigger_flow_mgr_entity|lpm_shiftreg:trigger_config_deserialize                                                                                              ; lpm_shiftreg                      ; work         ;
;             |sld_offload_buffer_mgr:\stp_non_zero_depth_offload_gen:stp_offload_buff_mgr_inst|                                          ; 37 (10)             ; 151 (0)                   ; 0                 ; 0          ; 0    ; 0            ; |Minilab1b_T2|sld_signaltap:auto_signaltap_0|sld_signaltap_impl:sld_signaltap_body|sld_signaltap_implb:sld_signaltap_body|sld_offload_buffer_mgr:\stp_non_zero_depth_offload_gen:stp_offload_buff_mgr_inst                                                                                                                                               ; sld_offload_buffer_mgr            ; work         ;
;                |lpm_counter:\adv_point_3_and_more:advance_pointer_counter|                                                              ; 9 (0)               ; 7 (0)                     ; 0                 ; 0          ; 0    ; 0            ; |Minilab1b_T2|sld_signaltap:auto_signaltap_0|sld_signaltap_impl:sld_signaltap_body|sld_signaltap_implb:sld_signaltap_body|sld_offload_buffer_mgr:\stp_non_zero_depth_offload_gen:stp_offload_buff_mgr_inst|lpm_counter:\adv_point_3_and_more:advance_pointer_counter                                                                                     ; lpm_counter                       ; work         ;
;                   |cntr_gai:auto_generated|                                                                                             ; 9 (9)               ; 7 (7)                     ; 0                 ; 0          ; 0    ; 0            ; |Minilab1b_T2|sld_signaltap:auto_signaltap_0|sld_signaltap_impl:sld_signaltap_body|sld_signaltap_implb:sld_signaltap_body|sld_offload_buffer_mgr:\stp_non_zero_depth_offload_gen:stp_offload_buff_mgr_inst|lpm_counter:\adv_point_3_and_more:advance_pointer_counter|cntr_gai:auto_generated                                                             ; cntr_gai                          ; work         ;
;                |lpm_counter:read_pointer_counter|                                                                                       ; 7 (0)               ; 7 (0)                     ; 0                 ; 0          ; 0    ; 0            ; |Minilab1b_T2|sld_signaltap:auto_signaltap_0|sld_signaltap_impl:sld_signaltap_body|sld_signaltap_implb:sld_signaltap_body|sld_offload_buffer_mgr:\stp_non_zero_depth_offload_gen:stp_offload_buff_mgr_inst|lpm_counter:read_pointer_counter                                                                                                              ; lpm_counter                       ; work         ;
;                   |cntr_4vi:auto_generated|                                                                                             ; 7 (7)               ; 7 (7)                     ; 0                 ; 0          ; 0    ; 0            ; |Minilab1b_T2|sld_signaltap:auto_signaltap_0|sld_signaltap_impl:sld_signaltap_body|sld_signaltap_implb:sld_signaltap_body|sld_offload_buffer_mgr:\stp_non_zero_depth_offload_gen:stp_offload_buff_mgr_inst|lpm_counter:read_pointer_counter|cntr_4vi:auto_generated                                                                                      ; cntr_4vi                          ; work         ;
;                |lpm_counter:status_advance_pointer_counter|                                                                             ; 6 (0)               ; 4 (0)                     ; 0                 ; 0          ; 0    ; 0            ; |Minilab1b_T2|sld_signaltap:auto_signaltap_0|sld_signaltap_impl:sld_signaltap_body|sld_signaltap_implb:sld_signaltap_body|sld_offload_buffer_mgr:\stp_non_zero_depth_offload_gen:stp_offload_buff_mgr_inst|lpm_counter:status_advance_pointer_counter                                                                                                    ; lpm_counter                       ; work         ;
;                   |cntr_09i:auto_generated|                                                                                             ; 6 (6)               ; 4 (4)                     ; 0                 ; 0          ; 0    ; 0            ; |Minilab1b_T2|sld_signaltap:auto_signaltap_0|sld_signaltap_impl:sld_signaltap_body|sld_signaltap_implb:sld_signaltap_body|sld_offload_buffer_mgr:\stp_non_zero_depth_offload_gen:stp_offload_buff_mgr_inst|lpm_counter:status_advance_pointer_counter|cntr_09i:auto_generated                                                                            ; cntr_09i                          ; work         ;
;                |lpm_counter:status_read_pointer_counter|                                                                                ; 3 (0)               ; 1 (0)                     ; 0                 ; 0          ; 0    ; 0            ; |Minilab1b_T2|sld_signaltap:auto_signaltap_0|sld_signaltap_impl:sld_signaltap_body|sld_signaltap_implb:sld_signaltap_body|sld_offload_buffer_mgr:\stp_non_zero_depth_offload_gen:stp_offload_buff_mgr_inst|lpm_counter:status_read_pointer_counter                                                                                                       ; lpm_counter                       ; work         ;
;                   |cntr_kri:auto_generated|                                                                                             ; 3 (3)               ; 1 (1)                     ; 0                 ; 0          ; 0    ; 0            ; |Minilab1b_T2|sld_signaltap:auto_signaltap_0|sld_signaltap_impl:sld_signaltap_body|sld_signaltap_implb:sld_signaltap_body|sld_offload_buffer_mgr:\stp_non_zero_depth_offload_gen:stp_offload_buff_mgr_inst|lpm_counter:status_read_pointer_counter|cntr_kri:auto_generated                                                                               ; cntr_kri                          ; work         ;
;                |lpm_shiftreg:info_data_shift_out|                                                                                       ; 0 (0)               ; 15 (15)                   ; 0                 ; 0          ; 0    ; 0            ; |Minilab1b_T2|sld_signaltap:auto_signaltap_0|sld_signaltap_impl:sld_signaltap_body|sld_signaltap_implb:sld_signaltap_body|sld_offload_buffer_mgr:\stp_non_zero_depth_offload_gen:stp_offload_buff_mgr_inst|lpm_shiftreg:info_data_shift_out                                                                                                              ; lpm_shiftreg                      ; work         ;
;                |lpm_shiftreg:ram_data_shift_out|                                                                                        ; 1 (1)               ; 102 (102)                 ; 0                 ; 0          ; 0    ; 0            ; |Minilab1b_T2|sld_signaltap:auto_signaltap_0|sld_signaltap_impl:sld_signaltap_body|sld_signaltap_implb:sld_signaltap_body|sld_offload_buffer_mgr:\stp_non_zero_depth_offload_gen:stp_offload_buff_mgr_inst|lpm_shiftreg:ram_data_shift_out                                                                                                               ; lpm_shiftreg                      ; work         ;
;                |lpm_shiftreg:status_data_shift_out|                                                                                     ; 1 (1)               ; 15 (15)                   ; 0                 ; 0          ; 0    ; 0            ; |Minilab1b_T2|sld_signaltap:auto_signaltap_0|sld_signaltap_impl:sld_signaltap_body|sld_signaltap_implb:sld_signaltap_body|sld_offload_buffer_mgr:\stp_non_zero_depth_offload_gen:stp_offload_buff_mgr_inst|lpm_shiftreg:status_data_shift_out                                                                                                            ; lpm_shiftreg                      ; work         ;
;             |sld_rom_sr:crc_rom_sr|                                                                                                     ; 20 (20)             ; 8 (8)                     ; 0                 ; 0          ; 0    ; 0            ; |Minilab1b_T2|sld_signaltap:auto_signaltap_0|sld_signaltap_impl:sld_signaltap_body|sld_signaltap_implb:sld_signaltap_body|sld_rom_sr:crc_rom_sr                                                                                                                                                                                                          ; sld_rom_sr                        ; work         ;
+-----------------------------------------------------------------------------------------------------------------------------------------+---------------------+---------------------------+-------------------+------------+------+--------------+----------------------------------------------------------------------------------------------------------------------------------------------------------------------------------------------------------------------------------------------------------------------------------------------------------------------------------------------------------+-----------------------------------+--------------+
Note: For table entries with two numbers listed, the numbers in parentheses indicate the number of resources of the given type used by the specific entity alone. The numbers listed outside of parentheses indicate the total resources of the given type used by the specific entity and all of its sub-entities in the hierarchy.


+---------------------------------------------------------------------------------------------------------------------------------------------------------------------------------------------------------------------------------------------------------------------------------------------------------------------+
; Analysis & Synthesis RAM Summary                                                                                                                                                                                                                                                                                    ;
+-------------------------------------------------------------------------------------------------------------------------------------------------------------------------------------------------------+------+------------------+--------------+--------------+--------------+--------------+-------+---------------+
; Name                                                                                                                                                                                                  ; Type ; Mode             ; Port A Depth ; Port A Width ; Port B Depth ; Port B Width ; Size  ; MIF           ;
+-------------------------------------------------------------------------------------------------------------------------------------------------------------------------------------------------------+------+------------------+--------------+--------------+--------------+--------------+-------+---------------+
; mem_wrapper:iRemember|rom:memory|altsyncram:altsyncram_component|altsyncram_tdg1:auto_generated|ALTSYNCRAM                                                                                            ; AUTO ; ROM              ; 9            ; 64           ; --           ; --           ; 576   ; input_mem.mif ;
; sld_signaltap:auto_signaltap_0|sld_signaltap_impl:sld_signaltap_body|sld_signaltap_implb:sld_signaltap_body|altsyncram:\stp_non_zero_ram_gen:stp_buffer_ram|altsyncram_ce84:auto_generated|ALTSYNCRAM ; AUTO ; Simple Dual Port ; 128          ; 102          ; 128          ; 102          ; 13056 ; None          ;
+-------------------------------------------------------------------------------------------------------------------------------------------------------------------------------------------------------+------+------------------+--------------+--------------+--------------+--------------+-------+---------------+


+-----------------------------------------------+
; Analysis & Synthesis DSP Block Usage Summary  ;
+---------------------------------+-------------+
; Statistic                       ; Number Used ;
+---------------------------------+-------------+
; Independent 9x9                 ; 8           ;
; Total number of DSP blocks      ; 8           ;
;                                 ;             ;
; Fixed Point Unsigned Multiplier ; 8           ;
+---------------------------------+-------------+


+---------------------------------------------------------------------------------------------------------------------------------------------------------------------------------------------------------------------------------------------------------------------------------------------------------------------------------------------------------------------+
; Analysis & Synthesis IP Cores Summary                                                                                                                                                                                                                                                                                                                               ;
+--------+--------------+---------+--------------+--------------+-----------------------------------------------------------------------------------------------------------------------------------------------------------------------------------------------------------------------------------------------------------------------------------+-----------------+
; Vendor ; IP Core Name ; Version ; Release Date ; License Type ; Entity Instance                                                                                                                                                                                                                                                                   ; IP Include File ;
+--------+--------------+---------+--------------+--------------+-----------------------------------------------------------------------------------------------------------------------------------------------------------------------------------------------------------------------------------------------------------------------------------+-----------------+
; Altera ; Signal Tap   ; N/A     ; N/A          ; Licensed     ; |Minilab1b_T2|sld_hub:auto_hub|alt_sld_fab_with_jtag_input:\instrumentation_fabric_with_node_gen:fabric_gen_new_way:with_jtag_input_gen:instrumentation_fabric|alt_sld_fab:instrumentation_fabric                                                                                 ;                 ;
; Altera ; Signal Tap   ; N/A     ; N/A          ; Licensed     ; |Minilab1b_T2|sld_hub:auto_hub|alt_sld_fab_with_jtag_input:\instrumentation_fabric_with_node_gen:fabric_gen_new_way:with_jtag_input_gen:instrumentation_fabric|alt_sld_fab:instrumentation_fabric|alt_sld_fab_alt_sld_fab:alt_sld_fab                                             ;                 ;
; Altera ; Signal Tap   ; N/A     ; N/A          ; Licensed     ; |Minilab1b_T2|sld_hub:auto_hub|alt_sld_fab_with_jtag_input:\instrumentation_fabric_with_node_gen:fabric_gen_new_way:with_jtag_input_gen:instrumentation_fabric|alt_sld_fab:instrumentation_fabric|alt_sld_fab_alt_sld_fab:alt_sld_fab|alt_sld_fab_alt_sld_fab_presplit:presplit   ;                 ;
; Altera ; Signal Tap   ; N/A     ; N/A          ; Licensed     ; |Minilab1b_T2|sld_hub:auto_hub|alt_sld_fab_with_jtag_input:\instrumentation_fabric_with_node_gen:fabric_gen_new_way:with_jtag_input_gen:instrumentation_fabric|alt_sld_fab:instrumentation_fabric|alt_sld_fab_alt_sld_fab:alt_sld_fab|alt_sld_fab_alt_sld_fab_sldfabric:sldfabric ;                 ;
; Altera ; Signal Tap   ; N/A     ; N/A          ; Licensed     ; |Minilab1b_T2|sld_hub:auto_hub|alt_sld_fab_with_jtag_input:\instrumentation_fabric_with_node_gen:fabric_gen_new_way:with_jtag_input_gen:instrumentation_fabric|alt_sld_fab:instrumentation_fabric|alt_sld_fab_alt_sld_fab:alt_sld_fab|alt_sld_fab_alt_sld_fab_splitter:splitter   ;                 ;
+--------+--------------+---------+--------------+--------------+-----------------------------------------------------------------------------------------------------------------------------------------------------------------------------------------------------------------------------------------------------------------------------------+-----------------+


Encoding Type:  One-Hot
+---------------------------------------------------------------------+
; State Machine - |Minilab1b_T2|state                                 ;
+------------------+------------------+------------+------------------+
; Name             ; state.READ_MEM_A ; state.DONE ; state.READ_MEM_B ;
+------------------+------------------+------------+------------------+
; state.READ_MEM_A ; 0                ; 0          ; 0                ;
; state.READ_MEM_B ; 1                ; 0          ; 1                ;
; state.DONE       ; 1                ; 1          ; 0                ;
+------------------+------------------+------------+------------------+


Encoding Type:  One-Hot
+-----------------------------------------------------------+
; State Machine - |Minilab1b_T2|mem_wrapper:iRemember|state ;
+---------------+------------+---------------+--------------+
; Name          ; state.IDLE ; state.RESPOND ; state.WAIT   ;
+---------------+------------+---------------+--------------+
; state.IDLE    ; 0          ; 0             ; 0            ;
; state.WAIT    ; 1          ; 0             ; 1            ;
; state.RESPOND ; 1          ; 1             ; 0            ;
+---------------+------------+---------------+--------------+


+----------------------------------------------------------------------------------------------------+
; User-Specified and Inferred Latches                                                                ;
+-----------------------------------------------------+---------------------+------------------------+
; Latch Name                                          ; Latch Enable Signal ; Free of Timing Hazards ;
+-----------------------------------------------------+---------------------+------------------------+
; done                                                ; state.READ_MEM_B    ; yes                    ;
; rst_b                                               ; state.DONE          ; yes                    ;
; a_in_SM[0]                                          ; Selector0           ; yes                    ;
; a_in_SM[1]                                          ; Selector0           ; yes                    ;
; a_in_SM[2]                                          ; Selector0           ; yes                    ;
; a_in_SM[3]                                          ; Selector0           ; yes                    ;
; a_in_SM[4]                                          ; Selector0           ; yes                    ;
; a_in_SM[5]                                          ; Selector0           ; yes                    ;
; a_in_SM[6]                                          ; Selector0           ; yes                    ;
; a_in_SM[7]                                          ; Selector0           ; yes                    ;
; b_in[0]                                             ; state.READ_MEM_B    ; yes                    ;
; b_in[1]                                             ; state.READ_MEM_B    ; yes                    ;
; b_in[2]                                             ; state.READ_MEM_B    ; yes                    ;
; b_in[3]                                             ; state.READ_MEM_B    ; yes                    ;
; b_in[4]                                             ; state.READ_MEM_B    ; yes                    ;
; b_in[5]                                             ; state.READ_MEM_B    ; yes                    ;
; b_in[6]                                             ; state.READ_MEM_B    ; yes                    ;
; b_in[7]                                             ; state.READ_MEM_B    ; yes                    ;
; Number of user-specified and inferred latches = 18  ;                     ;                        ;
+-----------------------------------------------------+---------------------+------------------------+
Note: All latches listed above may not be present at the end of synthesis due to various synthesis optimizations.


+-----------------------------------------------------------------------------------------------------------------+
; Registers Removed During Synthesis                                                                              ;
+-----------------------------------------------------+-----------------------------------------------------------+
; Register name                                       ; Reason for Removal                                        ;
+-----------------------------------------------------+-----------------------------------------------------------+
; mem_wrapper:iRemember|read_address[4]               ; Stuck at GND due to stuck port data_in                    ;
; mat_vec_mult_t:iMAC|MAC:hw[7].mat_arr|tmp[20]       ; Merged with mat_vec_mult_t:iMAC|MAC:hw[7].mat_arr|tmp[23] ;
; mat_vec_mult_t:iMAC|MAC:hw[7].mat_arr|tmp[16,18]    ; Merged with mat_vec_mult_t:iMAC|MAC:hw[7].mat_arr|tmp[22] ;
; mat_vec_mult_t:iMAC|MAC:hw[7].mat_arr|tmp[17,19]    ; Merged with mat_vec_mult_t:iMAC|MAC:hw[7].mat_arr|tmp[21] ;
; mat_vec_mult_t:iMAC|MAC:hw[6].mat_arr|tmp[17,19,21] ; Merged with mat_vec_mult_t:iMAC|MAC:hw[6].mat_arr|tmp[23] ;
; mat_vec_mult_t:iMAC|MAC:hw[6].mat_arr|tmp[18,20]    ; Merged with mat_vec_mult_t:iMAC|MAC:hw[6].mat_arr|tmp[22] ;
; mat_vec_mult_t:iMAC|MAC:hw[5].mat_arr|tmp[17,19,21] ; Merged with mat_vec_mult_t:iMAC|MAC:hw[5].mat_arr|tmp[23] ;
; mat_vec_mult_t:iMAC|MAC:hw[5].mat_arr|tmp[16,18,20] ; Merged with mat_vec_mult_t:iMAC|MAC:hw[5].mat_arr|tmp[22] ;
; mat_vec_mult_t:iMAC|MAC:hw[4].mat_arr|tmp[17,19,21] ; Merged with mat_vec_mult_t:iMAC|MAC:hw[4].mat_arr|tmp[23] ;
; mat_vec_mult_t:iMAC|MAC:hw[4].mat_arr|tmp[18]       ; Merged with mat_vec_mult_t:iMAC|MAC:hw[4].mat_arr|tmp[22] ;
; mat_vec_mult_t:iMAC|MAC:hw[4].mat_arr|tmp[16]       ; Merged with mat_vec_mult_t:iMAC|MAC:hw[4].mat_arr|tmp[20] ;
; mat_vec_mult_t:iMAC|MAC:hw[3].mat_arr|tmp[17,19,21] ; Merged with mat_vec_mult_t:iMAC|MAC:hw[3].mat_arr|tmp[23] ;
; mat_vec_mult_t:iMAC|MAC:hw[3].mat_arr|tmp[16,18,20] ; Merged with mat_vec_mult_t:iMAC|MAC:hw[3].mat_arr|tmp[22] ;
; mat_vec_mult_t:iMAC|MAC:hw[2].mat_arr|tmp[17,19,21] ; Merged with mat_vec_mult_t:iMAC|MAC:hw[2].mat_arr|tmp[23] ;
; mat_vec_mult_t:iMAC|MAC:hw[2].mat_arr|tmp[16,18]    ; Merged with mat_vec_mult_t:iMAC|MAC:hw[2].mat_arr|tmp[22] ;
; mat_vec_mult_t:iMAC|MAC:hw[1].mat_arr|tmp[19]       ; Merged with mat_vec_mult_t:iMAC|MAC:hw[1].mat_arr|tmp[23] ;
; mat_vec_mult_t:iMAC|MAC:hw[1].mat_arr|tmp[16,18,20] ; Merged with mat_vec_mult_t:iMAC|MAC:hw[1].mat_arr|tmp[22] ;
; mat_vec_mult_t:iMAC|MAC:hw[1].mat_arr|tmp[17]       ; Merged with mat_vec_mult_t:iMAC|MAC:hw[1].mat_arr|tmp[21] ;
; mat_vec_mult_t:iMAC|MAC:hw[0].mat_arr|tmp[17,19,21] ; Merged with mat_vec_mult_t:iMAC|MAC:hw[0].mat_arr|tmp[23] ;
; mat_vec_mult_t:iMAC|MAC:hw[0].mat_arr|tmp[18]       ; Merged with mat_vec_mult_t:iMAC|MAC:hw[0].mat_arr|tmp[22] ;
; mat_vec_mult_t:iMAC|MAC:hw[0].mat_arr|tmp[16]       ; Merged with mat_vec_mult_t:iMAC|MAC:hw[0].mat_arr|tmp[20] ;
; mat_vec_mult_t:iMAC|MAC:hw[7].mat_arr|tmp[22]       ; Merged with mat_vec_mult_t:iMAC|MAC:hw[7].mat_arr|tmp[23] ;
; mat_vec_mult_t:iMAC|MAC:hw[6].mat_arr|tmp[16]       ; Merged with mat_vec_mult_t:iMAC|MAC:hw[6].mat_arr|tmp[23] ;
; mat_vec_mult_t:iMAC|MAC:hw[4].mat_arr|tmp[20]       ; Merged with mat_vec_mult_t:iMAC|MAC:hw[4].mat_arr|tmp[23] ;
; mat_vec_mult_t:iMAC|MAC:hw[2].mat_arr|tmp[20]       ; Merged with mat_vec_mult_t:iMAC|MAC:hw[2].mat_arr|tmp[23] ;
; mat_vec_mult_t:iMAC|MAC:hw[0].mat_arr|tmp[20]       ; Merged with mat_vec_mult_t:iMAC|MAC:hw[0].mat_arr|tmp[23] ;
; mat_vec_mult_t:iMAC|MAC:hw[7].mat_arr|tmp[21]       ; Merged with mat_vec_mult_t:iMAC|MAC:hw[7].mat_arr|tmp[23] ;
; mat_vec_mult_t:iMAC|MAC:hw[5].mat_arr|tmp[22]       ; Merged with mat_vec_mult_t:iMAC|MAC:hw[5].mat_arr|tmp[23] ;
; mat_vec_mult_t:iMAC|MAC:hw[1].mat_arr|tmp[21]       ; Merged with mat_vec_mult_t:iMAC|MAC:hw[1].mat_arr|tmp[23] ;
; mat_vec_mult_t:iMAC|MAC:hw[3].mat_arr|tmp[22]       ; Merged with mat_vec_mult_t:iMAC|MAC:hw[3].mat_arr|tmp[23] ;
; mat_vec_mult_t:iMAC|MAC:hw[6].mat_arr|tmp[23]       ; Merged with mat_vec_mult_t:iMAC|MAC:hw[6].mat_arr|tmp[22] ;
; mat_vec_mult_t:iMAC|MAC:hw[4].mat_arr|tmp[23]       ; Merged with mat_vec_mult_t:iMAC|MAC:hw[4].mat_arr|tmp[22] ;
; mat_vec_mult_t:iMAC|MAC:hw[2].mat_arr|tmp[23]       ; Merged with mat_vec_mult_t:iMAC|MAC:hw[2].mat_arr|tmp[22] ;
; mat_vec_mult_t:iMAC|MAC:hw[1].mat_arr|tmp[23]       ; Merged with mat_vec_mult_t:iMAC|MAC:hw[1].mat_arr|tmp[22] ;
; mat_vec_mult_t:iMAC|MAC:hw[0].mat_arr|tmp[23]       ; Merged with mat_vec_mult_t:iMAC|MAC:hw[0].mat_arr|tmp[22] ;
; mat_vec_mult_t:iMAC|MAC:hw[7].mat_arr|tmp[23]       ; Stuck at GND due to stuck port data_in                    ;
; mat_vec_mult_t:iMAC|MAC:hw[6].mat_arr|tmp[22]       ; Stuck at GND due to stuck port data_in                    ;
; mat_vec_mult_t:iMAC|MAC:hw[5].mat_arr|tmp[23]       ; Stuck at GND due to stuck port data_in                    ;
; mat_vec_mult_t:iMAC|MAC:hw[4].mat_arr|tmp[22]       ; Stuck at GND due to stuck port data_in                    ;
; mat_vec_mult_t:iMAC|MAC:hw[3].mat_arr|tmp[23]       ; Stuck at GND due to stuck port data_in                    ;
; mat_vec_mult_t:iMAC|MAC:hw[2].mat_arr|tmp[22]       ; Stuck at GND due to stuck port data_in                    ;
; mat_vec_mult_t:iMAC|MAC:hw[1].mat_arr|tmp[22]       ; Stuck at GND due to stuck port data_in                    ;
; mat_vec_mult_t:iMAC|MAC:hw[0].mat_arr|tmp[22]       ; Stuck at GND due to stuck port data_in                    ;
; Total Number of Removed Registers = 65              ;                                                           ;
+-----------------------------------------------------+-----------------------------------------------------------+


+------------------------------------------------------+
; General Register Statistics                          ;
+----------------------------------------------+-------+
; Statistic                                    ; Value ;
+----------------------------------------------+-------+
; Total registers                              ; 2400  ;
; Number of registers using Synchronous Clear  ; 501   ;
; Number of registers using Synchronous Load   ; 212   ;
; Number of registers using Asynchronous Clear ; 1553  ;
; Number of registers using Asynchronous Load  ; 0     ;
; Number of registers using Clock Enable       ; 1408  ;
; Number of registers using Preset             ; 0     ;
+----------------------------------------------+-------+


+-------------------------------------------------------------------------------------------------------------------------------------------------------------------------------------------------------------------------------------------------------------------------------------------------------------------------------------------+
; Inverted Register Statistics                                                                                                                                                                                                                                                                                                              ;
+---------------------------------------------------------------------------------------------------------------------------------------------------------------------------------------------------------------------------------------------------------------------------------------------------------------------------------+---------+
; Inverted Register                                                                                                                                                                                                                                                                                                               ; Fan out ;
+---------------------------------------------------------------------------------------------------------------------------------------------------------------------------------------------------------------------------------------------------------------------------------------------------------------------------------+---------+
; mat_vec_mult_t:iMAC|a_rden[8]                                                                                                                                                                                                                                                                                                   ; 1       ;
; mat_vec_mult_t:iMAC|a_rden[9]                                                                                                                                                                                                                                                                                                   ; 1       ;
; mat_vec_mult_t:iMAC|a_rden[10]                                                                                                                                                                                                                                                                                                  ; 1       ;
; mat_vec_mult_t:iMAC|a_rden[11]                                                                                                                                                                                                                                                                                                  ; 1       ;
; mat_vec_mult_t:iMAC|a_rden[12]                                                                                                                                                                                                                                                                                                  ; 1       ;
; wren[0]                                                                                                                                                                                                                                                                                                                         ; 1       ;
; mat_vec_mult_t:iMAC|a_rden[13]                                                                                                                                                                                                                                                                                                  ; 1       ;
; mat_vec_mult_t:iMAC|a_rden[14]                                                                                                                                                                                                                                                                                                  ; 1       ;
; mat_vec_mult_t:iMAC|a_rden[15]                                                                                                                                                                                                                                                                                                  ; 1       ;
; mat_vec_mult_t:iMAC|a_rden[16]                                                                                                                                                                                                                                                                                                  ; 1       ;
; sld_hub:auto_hub|alt_sld_fab_with_jtag_input:\instrumentation_fabric_with_node_gen:fabric_gen_new_way:with_jtag_input_gen:instrumentation_fabric|alt_sld_fab:instrumentation_fabric|alt_sld_fab_alt_sld_fab:alt_sld_fab|alt_sld_fab_alt_sld_fab_sldfabric:sldfabric|sld_jtag_hub:\jtag_hub_gen:real_sld_jtag_hub|jtag_ir_reg[1] ; 3       ;
; sld_hub:auto_hub|alt_sld_fab_with_jtag_input:\instrumentation_fabric_with_node_gen:fabric_gen_new_way:with_jtag_input_gen:instrumentation_fabric|alt_sld_fab:instrumentation_fabric|alt_sld_fab_alt_sld_fab:alt_sld_fab|alt_sld_fab_alt_sld_fab_sldfabric:sldfabric|sld_jtag_hub:\jtag_hub_gen:real_sld_jtag_hub|jtag_ir_reg[2] ; 3       ;
; sld_signaltap:auto_signaltap_0|sld_signaltap_impl:sld_signaltap_body|sld_signaltap_implb:sld_signaltap_body|sld_buffer_manager:sld_buffer_manager_inst|modified_post_count[6]                                                                                                                                                   ; 1       ;
; sld_signaltap:auto_signaltap_0|sld_signaltap_impl:sld_signaltap_body|sld_signaltap_implb:sld_signaltap_body|sld_buffer_manager:sld_buffer_manager_inst|modified_post_count[7]                                                                                                                                                   ; 1       ;
; sld_signaltap:auto_signaltap_0|sld_signaltap_impl:sld_signaltap_body|sld_signaltap_implb:sld_signaltap_body|sld_buffer_manager:sld_buffer_manager_inst|modified_post_count[0]                                                                                                                                                   ; 1       ;
; sld_signaltap:auto_signaltap_0|sld_signaltap_impl:sld_signaltap_body|sld_signaltap_implb:sld_signaltap_body|sld_buffer_manager:sld_buffer_manager_inst|modified_post_count[1]                                                                                                                                                   ; 1       ;
; sld_signaltap:auto_signaltap_0|sld_signaltap_impl:sld_signaltap_body|sld_signaltap_implb:sld_signaltap_body|sld_buffer_manager:sld_buffer_manager_inst|modified_post_count[2]                                                                                                                                                   ; 1       ;
; sld_signaltap:auto_signaltap_0|sld_signaltap_impl:sld_signaltap_body|sld_signaltap_implb:sld_signaltap_body|sld_buffer_manager:sld_buffer_manager_inst|modified_post_count[3]                                                                                                                                                   ; 1       ;
; sld_signaltap:auto_signaltap_0|sld_signaltap_impl:sld_signaltap_body|sld_signaltap_implb:sld_signaltap_body|sld_buffer_manager:sld_buffer_manager_inst|modified_post_count[4]                                                                                                                                                   ; 1       ;
; sld_signaltap:auto_signaltap_0|sld_signaltap_impl:sld_signaltap_body|sld_signaltap_implb:sld_signaltap_body|sld_buffer_manager:sld_buffer_manager_inst|modified_post_count[5]                                                                                                                                                   ; 1       ;
; Total number of inverted registers = 20                                                                                                                                                                                                                                                                                         ;         ;
+---------------------------------------------------------------------------------------------------------------------------------------------------------------------------------------------------------------------------------------------------------------------------------------------------------------------------------+---------+


+----------------------------------------------------------------------------------------------------------------------------------------------------------------------------+
; Multiplexer Restructuring Statistics (Restructuring Performed)                                                                                                             ;
+--------------------+-----------+---------------+----------------------+------------------------+------------+--------------------------------------------------------------+
; Multiplexer Inputs ; Bus Width ; Baseline Area ; Area if Restructured ; Saving if Restructured ; Registered ; Example Multiplexer Output                                   ;
+--------------------+-----------+---------------+----------------------+------------------------+------------+--------------------------------------------------------------+
; 3:1                ; 24 bits   ; 48 LEs        ; 0 LEs                ; 48 LEs                 ; Yes        ; |Minilab1b_T2|mat_vec_mult_t:iMAC|MAC:hw[7].mat_arr|Cout[8]  ;
; 3:1                ; 24 bits   ; 48 LEs        ; 0 LEs                ; 48 LEs                 ; Yes        ; |Minilab1b_T2|mat_vec_mult_t:iMAC|MAC:hw[6].mat_arr|Cout[19] ;
; 3:1                ; 24 bits   ; 48 LEs        ; 0 LEs                ; 48 LEs                 ; Yes        ; |Minilab1b_T2|mat_vec_mult_t:iMAC|MAC:hw[5].mat_arr|Cout[6]  ;
; 3:1                ; 24 bits   ; 48 LEs        ; 0 LEs                ; 48 LEs                 ; Yes        ; |Minilab1b_T2|mat_vec_mult_t:iMAC|MAC:hw[4].mat_arr|Cout[23] ;
; 3:1                ; 24 bits   ; 48 LEs        ; 0 LEs                ; 48 LEs                 ; Yes        ; |Minilab1b_T2|mat_vec_mult_t:iMAC|MAC:hw[3].mat_arr|Cout[9]  ;
; 3:1                ; 24 bits   ; 48 LEs        ; 0 LEs                ; 48 LEs                 ; Yes        ; |Minilab1b_T2|mat_vec_mult_t:iMAC|MAC:hw[2].mat_arr|Cout[7]  ;
; 3:1                ; 24 bits   ; 48 LEs        ; 0 LEs                ; 48 LEs                 ; Yes        ; |Minilab1b_T2|mat_vec_mult_t:iMAC|MAC:hw[1].mat_arr|Cout[6]  ;
; 3:1                ; 24 bits   ; 48 LEs        ; 0 LEs                ; 48 LEs                 ; Yes        ; |Minilab1b_T2|mat_vec_mult_t:iMAC|MAC:hw[0].mat_arr|Cout[2]  ;
; 3:1                ; 4 bits    ; 8 LEs         ; 4 LEs                ; 4 LEs                  ; Yes        ; |Minilab1b_T2|b_count[3]                                     ;
; 3:1                ; 16 bits   ; 32 LEs        ; 0 LEs                ; 32 LEs                 ; Yes        ; |Minilab1b_T2|mat_vec_mult_t:iMAC|MAC:hw[7].mat_arr|tmp[0]   ;
; 3:1                ; 16 bits   ; 32 LEs        ; 0 LEs                ; 32 LEs                 ; Yes        ; |Minilab1b_T2|mat_vec_mult_t:iMAC|MAC:hw[6].mat_arr|tmp[3]   ;
; 3:1                ; 16 bits   ; 32 LEs        ; 0 LEs                ; 32 LEs                 ; Yes        ; |Minilab1b_T2|mat_vec_mult_t:iMAC|MAC:hw[5].mat_arr|tmp[1]   ;
; 3:1                ; 16 bits   ; 32 LEs        ; 0 LEs                ; 32 LEs                 ; Yes        ; |Minilab1b_T2|mat_vec_mult_t:iMAC|MAC:hw[4].mat_arr|tmp[11]  ;
; 3:1                ; 16 bits   ; 32 LEs        ; 0 LEs                ; 32 LEs                 ; Yes        ; |Minilab1b_T2|mat_vec_mult_t:iMAC|MAC:hw[3].mat_arr|tmp[9]   ;
; 3:1                ; 16 bits   ; 32 LEs        ; 0 LEs                ; 32 LEs                 ; Yes        ; |Minilab1b_T2|mat_vec_mult_t:iMAC|MAC:hw[2].mat_arr|tmp[2]   ;
; 3:1                ; 16 bits   ; 32 LEs        ; 0 LEs                ; 32 LEs                 ; Yes        ; |Minilab1b_T2|mat_vec_mult_t:iMAC|MAC:hw[1].mat_arr|tmp[10]  ;
; 3:1                ; 16 bits   ; 32 LEs        ; 0 LEs                ; 32 LEs                 ; Yes        ; |Minilab1b_T2|mat_vec_mult_t:iMAC|MAC:hw[0].mat_arr|tmp[6]   ;
; 3:1                ; 4 bits    ; 8 LEs         ; 8 LEs                ; 0 LEs                  ; Yes        ; |Minilab1b_T2|wren_counter[3]                                ;
; 8:1                ; 8 bits    ; 40 LEs        ; 40 LEs               ; 0 LEs                  ; Yes        ; |Minilab1b_T2|mat_vec_mult_t:iMAC|FIFO:b_vec|o_data[7]       ;
; 8:1                ; 8 bits    ; 40 LEs        ; 40 LEs               ; 0 LEs                  ; Yes        ; |Minilab1b_T2|mat_vec_mult_t:iMAC|FIFO:hw[6].a_mat|o_data[0] ;
; 8:1                ; 8 bits    ; 40 LEs        ; 40 LEs               ; 0 LEs                  ; Yes        ; |Minilab1b_T2|mat_vec_mult_t:iMAC|FIFO:hw[7].a_mat|o_data[3] ;
; 8:1                ; 8 bits    ; 40 LEs        ; 40 LEs               ; 0 LEs                  ; Yes        ; |Minilab1b_T2|mat_vec_mult_t:iMAC|FIFO:hw[5].a_mat|o_data[4] ;
; 8:1                ; 8 bits    ; 40 LEs        ; 40 LEs               ; 0 LEs                  ; Yes        ; |Minilab1b_T2|mat_vec_mult_t:iMAC|FIFO:hw[4].a_mat|o_data[7] ;
; 8:1                ; 8 bits    ; 40 LEs        ; 40 LEs               ; 0 LEs                  ; Yes        ; |Minilab1b_T2|mat_vec_mult_t:iMAC|FIFO:hw[3].a_mat|o_data[7] ;
; 8:1                ; 8 bits    ; 40 LEs        ; 40 LEs               ; 0 LEs                  ; Yes        ; |Minilab1b_T2|mat_vec_mult_t:iMAC|FIFO:hw[2].a_mat|o_data[4] ;
; 8:1                ; 8 bits    ; 40 LEs        ; 40 LEs               ; 0 LEs                  ; Yes        ; |Minilab1b_T2|mat_vec_mult_t:iMAC|FIFO:hw[1].a_mat|o_data[0] ;
; 8:1                ; 8 bits    ; 40 LEs        ; 40 LEs               ; 0 LEs                  ; Yes        ; |Minilab1b_T2|mat_vec_mult_t:iMAC|FIFO:hw[0].a_mat|o_data[7] ;
; 5:1                ; 4 bits    ; 12 LEs        ; 4 LEs                ; 8 LEs                  ; Yes        ; |Minilab1b_T2|mem_wrapper:iRemember|delay_counter[0]         ;
; 8:1                ; 8 bits    ; 40 LEs        ; 40 LEs               ; 0 LEs                  ; No         ; |Minilab1b_T2|Mux1                                           ;
; 9:1                ; 24 bits   ; 144 LEs       ; 144 LEs              ; 0 LEs                  ; No         ; |Minilab1b_T2|macout[6]                                      ;
+--------------------+-----------+---------------+----------------------+------------------------+------------+--------------------------------------------------------------+


+------------------------------------------------------------------------------------------------------------------------+
; Source assignments for mem_wrapper:iRemember|rom:memory|altsyncram:altsyncram_component|altsyncram_tdg1:auto_generated ;
+---------------------------------+--------------------+------+----------------------------------------------------------+
; Assignment                      ; Value              ; From ; To                                                       ;
+---------------------------------+--------------------+------+----------------------------------------------------------+
; OPTIMIZE_POWER_DURING_SYNTHESIS ; NORMAL_COMPILATION ; -    ; -                                                        ;
+---------------------------------+--------------------+------+----------------------------------------------------------+


+-------------------------------------------------------+
; Source assignments for sld_signaltap:auto_signaltap_0 ;
+-----------------+-------+------+----------------------+
; Assignment      ; Value ; From ; To                   ;
+-----------------+-------+------+----------------------+
; MESSAGE_DISABLE ; 13410 ; -    ; -                    ;
+-----------------+-------+------+----------------------+


+------------------------------------------------------------------------------+
; Parameter Settings for User Entity Instance: Top-level Entity: |Minilab1b_T2 ;
+----------------+---------+---------------------------------------------------+
; Parameter Name ; Value   ; Type                                              ;
+----------------+---------+---------------------------------------------------+
; HEX_0          ; 1000000 ; Unsigned Binary                                   ;
; HEX_1          ; 1111001 ; Unsigned Binary                                   ;
; HEX_2          ; 0100100 ; Unsigned Binary                                   ;
; HEX_3          ; 0110000 ; Unsigned Binary                                   ;
; HEX_4          ; 0011001 ; Unsigned Binary                                   ;
; HEX_5          ; 0010010 ; Unsigned Binary                                   ;
; HEX_6          ; 0000010 ; Unsigned Binary                                   ;
; HEX_7          ; 1111000 ; Unsigned Binary                                   ;
; HEX_8          ; 0000000 ; Unsigned Binary                                   ;
; HEX_9          ; 0011000 ; Unsigned Binary                                   ;
; HEX_10         ; 0001000 ; Unsigned Binary                                   ;
; HEX_11         ; 0000011 ; Unsigned Binary                                   ;
; HEX_12         ; 1000110 ; Unsigned Binary                                   ;
; HEX_13         ; 0100001 ; Unsigned Binary                                   ;
; HEX_14         ; 0000110 ; Unsigned Binary                                   ;
; HEX_15         ; 0001110 ; Unsigned Binary                                   ;
; OFF            ; 1111111 ; Unsigned Binary                                   ;
+----------------+---------+---------------------------------------------------+
Note: In order to hide this table in the UI and the text report file, please set the "Show Parameter Settings in Synthesis Report" option in "Analysis and Synthesis Settings -> More Settings" to "Off".


+---------------------------------------------------------------------------------------------------------------+
; Parameter Settings for User Entity Instance: mem_wrapper:iRemember|rom:memory|altsyncram:altsyncram_component ;
+------------------------------------+----------------------+---------------------------------------------------+
; Parameter Name                     ; Value                ; Type                                              ;
+------------------------------------+----------------------+---------------------------------------------------+
; BYTE_SIZE_BLOCK                    ; 8                    ; Untyped                                           ;
; AUTO_CARRY_CHAINS                  ; ON                   ; AUTO_CARRY                                        ;
; IGNORE_CARRY_BUFFERS               ; OFF                  ; IGNORE_CARRY                                      ;
; AUTO_CASCADE_CHAINS                ; ON                   ; AUTO_CASCADE                                      ;
; IGNORE_CASCADE_BUFFERS             ; OFF                  ; IGNORE_CASCADE                                    ;
; WIDTH_BYTEENA                      ; 1                    ; Untyped                                           ;
; OPERATION_MODE                     ; ROM                  ; Untyped                                           ;
; WIDTH_A                            ; 64                   ; Signed Integer                                    ;
; WIDTHAD_A                          ; 4                    ; Signed Integer                                    ;
; NUMWORDS_A                         ; 9                    ; Signed Integer                                    ;
; OUTDATA_REG_A                      ; UNREGISTERED         ; Untyped                                           ;
; ADDRESS_ACLR_A                     ; NONE                 ; Untyped                                           ;
; OUTDATA_ACLR_A                     ; NONE                 ; Untyped                                           ;
; WRCONTROL_ACLR_A                   ; NONE                 ; Untyped                                           ;
; INDATA_ACLR_A                      ; NONE                 ; Untyped                                           ;
; BYTEENA_ACLR_A                     ; NONE                 ; Untyped                                           ;
; WIDTH_B                            ; 1                    ; Untyped                                           ;
; WIDTHAD_B                          ; 1                    ; Untyped                                           ;
; NUMWORDS_B                         ; 1                    ; Untyped                                           ;
; INDATA_REG_B                       ; CLOCK1               ; Untyped                                           ;
; WRCONTROL_WRADDRESS_REG_B          ; CLOCK1               ; Untyped                                           ;
; RDCONTROL_REG_B                    ; CLOCK1               ; Untyped                                           ;
; ADDRESS_REG_B                      ; CLOCK1               ; Untyped                                           ;
; OUTDATA_REG_B                      ; UNREGISTERED         ; Untyped                                           ;
; BYTEENA_REG_B                      ; CLOCK1               ; Untyped                                           ;
; INDATA_ACLR_B                      ; NONE                 ; Untyped                                           ;
; WRCONTROL_ACLR_B                   ; NONE                 ; Untyped                                           ;
; ADDRESS_ACLR_B                     ; NONE                 ; Untyped                                           ;
; OUTDATA_ACLR_B                     ; NONE                 ; Untyped                                           ;
; RDCONTROL_ACLR_B                   ; NONE                 ; Untyped                                           ;
; BYTEENA_ACLR_B                     ; NONE                 ; Untyped                                           ;
; WIDTH_BYTEENA_A                    ; 1                    ; Signed Integer                                    ;
; WIDTH_BYTEENA_B                    ; 1                    ; Untyped                                           ;
; RAM_BLOCK_TYPE                     ; AUTO                 ; Untyped                                           ;
; BYTE_SIZE                          ; 8                    ; Untyped                                           ;
; READ_DURING_WRITE_MODE_MIXED_PORTS ; DONT_CARE            ; Untyped                                           ;
; READ_DURING_WRITE_MODE_PORT_A      ; NEW_DATA_NO_NBE_READ ; Untyped                                           ;
; READ_DURING_WRITE_MODE_PORT_B      ; NEW_DATA_NO_NBE_READ ; Untyped                                           ;
; INIT_FILE                          ; input_mem.mif        ; Untyped                                           ;
; INIT_FILE_LAYOUT                   ; PORT_A               ; Untyped                                           ;
; MAXIMUM_DEPTH                      ; 0                    ; Untyped                                           ;
; CLOCK_ENABLE_INPUT_A               ; BYPASS               ; Untyped                                           ;
; CLOCK_ENABLE_INPUT_B               ; NORMAL               ; Untyped                                           ;
; CLOCK_ENABLE_OUTPUT_A              ; BYPASS               ; Untyped                                           ;
; CLOCK_ENABLE_OUTPUT_B              ; NORMAL               ; Untyped                                           ;
; CLOCK_ENABLE_CORE_A                ; USE_INPUT_CLKEN      ; Untyped                                           ;
; CLOCK_ENABLE_CORE_B                ; USE_INPUT_CLKEN      ; Untyped                                           ;
; ENABLE_ECC                         ; FALSE                ; Untyped                                           ;
; ECC_PIPELINE_STAGE_ENABLED         ; FALSE                ; Untyped                                           ;
; WIDTH_ECCSTATUS                    ; 3                    ; Untyped                                           ;
; DEVICE_FAMILY                      ; Cyclone V            ; Untyped                                           ;
; CBXI_PARAMETER                     ; altsyncram_tdg1      ; Untyped                                           ;
+------------------------------------+----------------------+---------------------------------------------------+
Note: In order to hide this table in the UI and the text report file, please set the "Show Parameter Settings in Synthesis Report" option in "Analysis and Synthesis Settings -> More Settings" to "Off".


+------------------------------------------------------------------+
; Parameter Settings for User Entity Instance: mat_vec_mult_t:iMAC ;
+----------------+-------+-----------------------------------------+
; Parameter Name ; Value ; Type                                    ;
+----------------+-------+-----------------------------------------+
; DEPTH          ; 8     ; Signed Integer                          ;
; DATA_WIDTH     ; 8     ; Signed Integer                          ;
+----------------+-------+-----------------------------------------+
Note: In order to hide this table in the UI and the text report file, please set the "Show Parameter Settings in Synthesis Report" option in "Analysis and Synthesis Settings -> More Settings" to "Off".


+-----------------------------------------------------------------------------+
; Parameter Settings for User Entity Instance: mat_vec_mult_t:iMAC|FIFO:b_vec ;
+----------------+-------+----------------------------------------------------+
; Parameter Name ; Value ; Type                                               ;
+----------------+-------+----------------------------------------------------+
; DEPTH          ; 8     ; Signed Integer                                     ;
; DATA_WIDTH     ; 8     ; Signed Integer                                     ;
+----------------+-------+----------------------------------------------------+
Note: In order to hide this table in the UI and the text report file, please set the "Show Parameter Settings in Synthesis Report" option in "Analysis and Synthesis Settings -> More Settings" to "Off".


+-----------------------------------------------------------------------------------+
; Parameter Settings for User Entity Instance: mat_vec_mult_t:iMAC|FIFO:hw[0].a_mat ;
+----------------+-------+----------------------------------------------------------+
; Parameter Name ; Value ; Type                                                     ;
+----------------+-------+----------------------------------------------------------+
; DEPTH          ; 8     ; Signed Integer                                           ;
; DATA_WIDTH     ; 8     ; Signed Integer                                           ;
+----------------+-------+----------------------------------------------------------+
Note: In order to hide this table in the UI and the text report file, please set the "Show Parameter Settings in Synthesis Report" option in "Analysis and Synthesis Settings -> More Settings" to "Off".


+------------------------------------------------------------------------------------+
; Parameter Settings for User Entity Instance: mat_vec_mult_t:iMAC|MAC:hw[0].mat_arr ;
+----------------+-------+-----------------------------------------------------------+
; Parameter Name ; Value ; Type                                                      ;
+----------------+-------+-----------------------------------------------------------+
; DATA_WIDTH     ; 8     ; Signed Integer                                            ;
+----------------+-------+-----------------------------------------------------------+
Note: In order to hide this table in the UI and the text report file, please set the "Show Parameter Settings in Synthesis Report" option in "Analysis and Synthesis Settings -> More Settings" to "Off".


+-----------------------------------------------------------------------------------+
; Parameter Settings for User Entity Instance: mat_vec_mult_t:iMAC|FIFO:hw[1].a_mat ;
+----------------+-------+----------------------------------------------------------+
; Parameter Name ; Value ; Type                                                     ;
+----------------+-------+----------------------------------------------------------+
; DEPTH          ; 8     ; Signed Integer                                           ;
; DATA_WIDTH     ; 8     ; Signed Integer                                           ;
+----------------+-------+----------------------------------------------------------+
Note: In order to hide this table in the UI and the text report file, please set the "Show Parameter Settings in Synthesis Report" option in "Analysis and Synthesis Settings -> More Settings" to "Off".


+------------------------------------------------------------------------------------+
; Parameter Settings for User Entity Instance: mat_vec_mult_t:iMAC|MAC:hw[1].mat_arr ;
+----------------+-------+-----------------------------------------------------------+
; Parameter Name ; Value ; Type                                                      ;
+----------------+-------+-----------------------------------------------------------+
; DATA_WIDTH     ; 8     ; Signed Integer                                            ;
+----------------+-------+-----------------------------------------------------------+
Note: In order to hide this table in the UI and the text report file, please set the "Show Parameter Settings in Synthesis Report" option in "Analysis and Synthesis Settings -> More Settings" to "Off".


+-----------------------------------------------------------------------------------+
; Parameter Settings for User Entity Instance: mat_vec_mult_t:iMAC|FIFO:hw[2].a_mat ;
+----------------+-------+----------------------------------------------------------+
; Parameter Name ; Value ; Type                                                     ;
+----------------+-------+----------------------------------------------------------+
; DEPTH          ; 8     ; Signed Integer                                           ;
; DATA_WIDTH     ; 8     ; Signed Integer                                           ;
+----------------+-------+----------------------------------------------------------+
Note: In order to hide this table in the UI and the text report file, please set the "Show Parameter Settings in Synthesis Report" option in "Analysis and Synthesis Settings -> More Settings" to "Off".


+------------------------------------------------------------------------------------+
; Parameter Settings for User Entity Instance: mat_vec_mult_t:iMAC|MAC:hw[2].mat_arr ;
+----------------+-------+-----------------------------------------------------------+
; Parameter Name ; Value ; Type                                                      ;
+----------------+-------+-----------------------------------------------------------+
; DATA_WIDTH     ; 8     ; Signed Integer                                            ;
+----------------+-------+-----------------------------------------------------------+
Note: In order to hide this table in the UI and the text report file, please set the "Show Parameter Settings in Synthesis Report" option in "Analysis and Synthesis Settings -> More Settings" to "Off".


+-----------------------------------------------------------------------------------+
; Parameter Settings for User Entity Instance: mat_vec_mult_t:iMAC|FIFO:hw[3].a_mat ;
+----------------+-------+----------------------------------------------------------+
; Parameter Name ; Value ; Type                                                     ;
+----------------+-------+----------------------------------------------------------+
; DEPTH          ; 8     ; Signed Integer                                           ;
; DATA_WIDTH     ; 8     ; Signed Integer                                           ;
+----------------+-------+----------------------------------------------------------+
Note: In order to hide this table in the UI and the text report file, please set the "Show Parameter Settings in Synthesis Report" option in "Analysis and Synthesis Settings -> More Settings" to "Off".


+------------------------------------------------------------------------------------+
; Parameter Settings for User Entity Instance: mat_vec_mult_t:iMAC|MAC:hw[3].mat_arr ;
+----------------+-------+-----------------------------------------------------------+
; Parameter Name ; Value ; Type                                                      ;
+----------------+-------+-----------------------------------------------------------+
; DATA_WIDTH     ; 8     ; Signed Integer                                            ;
+----------------+-------+-----------------------------------------------------------+
Note: In order to hide this table in the UI and the text report file, please set the "Show Parameter Settings in Synthesis Report" option in "Analysis and Synthesis Settings -> More Settings" to "Off".


+-----------------------------------------------------------------------------------+
; Parameter Settings for User Entity Instance: mat_vec_mult_t:iMAC|FIFO:hw[4].a_mat ;
+----------------+-------+----------------------------------------------------------+
; Parameter Name ; Value ; Type                                                     ;
+----------------+-------+----------------------------------------------------------+
; DEPTH          ; 8     ; Signed Integer                                           ;
; DATA_WIDTH     ; 8     ; Signed Integer                                           ;
+----------------+-------+----------------------------------------------------------+
Note: In order to hide this table in the UI and the text report file, please set the "Show Parameter Settings in Synthesis Report" option in "Analysis and Synthesis Settings -> More Settings" to "Off".


+------------------------------------------------------------------------------------+
; Parameter Settings for User Entity Instance: mat_vec_mult_t:iMAC|MAC:hw[4].mat_arr ;
+----------------+-------+-----------------------------------------------------------+
; Parameter Name ; Value ; Type                                                      ;
+----------------+-------+-----------------------------------------------------------+
; DATA_WIDTH     ; 8     ; Signed Integer                                            ;
+----------------+-------+-----------------------------------------------------------+
Note: In order to hide this table in the UI and the text report file, please set the "Show Parameter Settings in Synthesis Report" option in "Analysis and Synthesis Settings -> More Settings" to "Off".


+-----------------------------------------------------------------------------------+
; Parameter Settings for User Entity Instance: mat_vec_mult_t:iMAC|FIFO:hw[5].a_mat ;
+----------------+-------+----------------------------------------------------------+
; Parameter Name ; Value ; Type                                                     ;
+----------------+-------+----------------------------------------------------------+
; DEPTH          ; 8     ; Signed Integer                                           ;
; DATA_WIDTH     ; 8     ; Signed Integer                                           ;
+----------------+-------+----------------------------------------------------------+
Note: In order to hide this table in the UI and the text report file, please set the "Show Parameter Settings in Synthesis Report" option in "Analysis and Synthesis Settings -> More Settings" to "Off".


+------------------------------------------------------------------------------------+
; Parameter Settings for User Entity Instance: mat_vec_mult_t:iMAC|MAC:hw[5].mat_arr ;
+----------------+-------+-----------------------------------------------------------+
; Parameter Name ; Value ; Type                                                      ;
+----------------+-------+-----------------------------------------------------------+
; DATA_WIDTH     ; 8     ; Signed Integer                                            ;
+----------------+-------+-----------------------------------------------------------+
Note: In order to hide this table in the UI and the text report file, please set the "Show Parameter Settings in Synthesis Report" option in "Analysis and Synthesis Settings -> More Settings" to "Off".


+-----------------------------------------------------------------------------------+
; Parameter Settings for User Entity Instance: mat_vec_mult_t:iMAC|FIFO:hw[6].a_mat ;
+----------------+-------+----------------------------------------------------------+
; Parameter Name ; Value ; Type                                                     ;
+----------------+-------+----------------------------------------------------------+
; DEPTH          ; 8     ; Signed Integer                                           ;
; DATA_WIDTH     ; 8     ; Signed Integer                                           ;
+----------------+-------+----------------------------------------------------------+
Note: In order to hide this table in the UI and the text report file, please set the "Show Parameter Settings in Synthesis Report" option in "Analysis and Synthesis Settings -> More Settings" to "Off".


+------------------------------------------------------------------------------------+
; Parameter Settings for User Entity Instance: mat_vec_mult_t:iMAC|MAC:hw[6].mat_arr ;
+----------------+-------+-----------------------------------------------------------+
; Parameter Name ; Value ; Type                                                      ;
+----------------+-------+-----------------------------------------------------------+
; DATA_WIDTH     ; 8     ; Signed Integer                                            ;
+----------------+-------+-----------------------------------------------------------+
Note: In order to hide this table in the UI and the text report file, please set the "Show Parameter Settings in Synthesis Report" option in "Analysis and Synthesis Settings -> More Settings" to "Off".


+-----------------------------------------------------------------------------------+
; Parameter Settings for User Entity Instance: mat_vec_mult_t:iMAC|FIFO:hw[7].a_mat ;
+----------------+-------+----------------------------------------------------------+
; Parameter Name ; Value ; Type                                                     ;
+----------------+-------+----------------------------------------------------------+
; DEPTH          ; 8     ; Signed Integer                                           ;
; DATA_WIDTH     ; 8     ; Signed Integer                                           ;
+----------------+-------+----------------------------------------------------------+
Note: In order to hide this table in the UI and the text report file, please set the "Show Parameter Settings in Synthesis Report" option in "Analysis and Synthesis Settings -> More Settings" to "Off".


+------------------------------------------------------------------------------------+
; Parameter Settings for User Entity Instance: mat_vec_mult_t:iMAC|MAC:hw[7].mat_arr ;
+----------------+-------+-----------------------------------------------------------+
; Parameter Name ; Value ; Type                                                      ;
+----------------+-------+-----------------------------------------------------------+
; DATA_WIDTH     ; 8     ; Signed Integer                                            ;
+----------------+-------+-----------------------------------------------------------+
Note: In order to hide this table in the UI and the text report file, please set the "Show Parameter Settings in Synthesis Report" option in "Analysis and Synthesis Settings -> More Settings" to "Off".


+------------------------------------------------------------------------------------------------------------------------------------------------------------------------------------------+
; Parameter Settings for Inferred Entity Instance: sld_signaltap:auto_signaltap_0                                                                                                          ;
+-------------------------------------------------+-----------------------------------------------------------------------------------------------------------------------+----------------+
; Parameter Name                                  ; Value                                                                                                                 ; Type           ;
+-------------------------------------------------+-----------------------------------------------------------------------------------------------------------------------+----------------+
; lpm_type                                        ; sld_signaltap                                                                                                         ; String         ;
; sld_node_info                                   ; 805334528                                                                                                             ; Untyped        ;
; SLD_SECTION_ID                                  ; hdl_signaltap_0                                                                                                       ; String         ;
; SLD_IP_VERSION                                  ; 6                                                                                                                     ; Signed Integer ;
; SLD_IP_MINOR_VERSION                            ; 0                                                                                                                     ; Signed Integer ;
; SLD_COMMON_IP_VERSION                           ; 0                                                                                                                     ; Signed Integer ;
; sld_data_bits                                   ; 102                                                                                                                   ; Untyped        ;
; sld_trigger_bits                                ; 32                                                                                                                    ; Untyped        ;
; SLD_NODE_CRC_BITS                               ; 32                                                                                                                    ; Signed Integer ;
; SLD_NODE_CRC_HIWORD                             ; 41394                                                                                                                 ; Signed Integer ;
; SLD_NODE_CRC_LOWORD                             ; 50132                                                                                                                 ; Signed Integer ;
; sld_incremental_routing                         ; 1                                                                                                                     ; Untyped        ;
; sld_sample_depth                                ; 128                                                                                                                   ; Untyped        ;
; sld_segment_size                                ; 128                                                                                                                   ; Untyped        ;
; sld_ram_block_type                              ; AUTO                                                                                                                  ; Untyped        ;
; sld_state_bits                                  ; 11                                                                                                                    ; Untyped        ;
; sld_buffer_full_stop                            ; 1                                                                                                                     ; Untyped        ;
; SLD_MEM_ADDRESS_BITS                            ; 7                                                                                                                     ; Signed Integer ;
; SLD_DATA_BIT_CNTR_BITS                          ; 4                                                                                                                     ; Signed Integer ;
; sld_trigger_level                               ; 1                                                                                                                     ; Untyped        ;
; sld_trigger_in_enabled                          ; 0                                                                                                                     ; Untyped        ;
; SLD_HPS_TRIGGER_IN_ENABLED                      ; 0                                                                                                                     ; Signed Integer ;
; SLD_HPS_TRIGGER_OUT_ENABLED                     ; 0                                                                                                                     ; Signed Integer ;
; SLD_HPS_EVENT_ENABLED                           ; 0                                                                                                                     ; Signed Integer ;
; SLD_HPS_EVENT_ID                                ; 0                                                                                                                     ; Signed Integer ;
; sld_advanced_trigger_entity                     ; basic,1,                                                                                                              ; Untyped        ;
; sld_trigger_level_pipeline                      ; 1                                                                                                                     ; Untyped        ;
; sld_trigger_pipeline                            ; 0                                                                                                                     ; Untyped        ;
; sld_ram_pipeline                                ; 0                                                                                                                     ; Untyped        ;
; sld_counter_pipeline                            ; 0                                                                                                                     ; Untyped        ;
; sld_enable_advanced_trigger                     ; 0                                                                                                                     ; Untyped        ;
; SLD_ADVANCED_TRIGGER_1                          ; NONE                                                                                                                  ; String         ;
; SLD_ADVANCED_TRIGGER_2                          ; NONE                                                                                                                  ; String         ;
; SLD_ADVANCED_TRIGGER_3                          ; NONE                                                                                                                  ; String         ;
; SLD_ADVANCED_TRIGGER_4                          ; NONE                                                                                                                  ; String         ;
; SLD_ADVANCED_TRIGGER_5                          ; NONE                                                                                                                  ; String         ;
; SLD_ADVANCED_TRIGGER_6                          ; NONE                                                                                                                  ; String         ;
; SLD_ADVANCED_TRIGGER_7                          ; NONE                                                                                                                  ; String         ;
; SLD_ADVANCED_TRIGGER_8                          ; NONE                                                                                                                  ; String         ;
; SLD_ADVANCED_TRIGGER_9                          ; NONE                                                                                                                  ; String         ;
; SLD_ADVANCED_TRIGGER_10                         ; NONE                                                                                                                  ; String         ;
; sld_inversion_mask_length                       ; 117                                                                                                                   ; Untyped        ;
; sld_inversion_mask                              ; 000000000000000000000000000000000000000000000000000000000000000000000000000000000000000000000000000000000000000000000 ; Untyped        ;
; sld_power_up_trigger                            ; 0                                                                                                                     ; Untyped        ;
; SLD_STATE_FLOW_MGR_ENTITY                       ; state_flow_mgr_entity.vhd                                                                                             ; String         ;
; sld_state_flow_use_generated                    ; 0                                                                                                                     ; Untyped        ;
; sld_current_resource_width                      ; 1                                                                                                                     ; Untyped        ;
; sld_attribute_mem_mode                          ; OFF                                                                                                                   ; Untyped        ;
; sld_storage_qualifier_bits                      ; 102                                                                                                                   ; Untyped        ;
; SLD_STORAGE_QUALIFIER_GAP_RECORD                ; 0                                                                                                                     ; Signed Integer ;
; SLD_STORAGE_QUALIFIER_MODE                      ; OFF                                                                                                                   ; String         ;
; SLD_STORAGE_QUALIFIER_ENABLE_ADVANCED_CONDITION ; 0                                                                                                                     ; Signed Integer ;
; sld_storage_qualifier_inversion_mask_length     ; 0                                                                                                                     ; Untyped        ;
; SLD_STORAGE_QUALIFIER_ADVANCED_CONDITION_ENTITY ; basic                                                                                                                 ; String         ;
; SLD_STORAGE_QUALIFIER_PIPELINE                  ; 0                                                                                                                     ; Signed Integer ;
; SLD_CREATE_MONITOR_INTERFACE                    ; 0                                                                                                                     ; Signed Integer ;
; SLD_USE_JTAG_SIGNAL_ADAPTER                     ; 1                                                                                                                     ; Signed Integer ;
+-------------------------------------------------+-----------------------------------------------------------------------------------------------------------------------+----------------+
Note: In order to hide this table in the UI and the text report file, please set the "Show Parameter Settings in Synthesis Report" option in "Analysis and Synthesis Settings -> More Settings" to "Off".


+--------------------------------------------------------------------------------------------------------------+
; altsyncram Parameter Settings by Entity Instance                                                             ;
+-------------------------------------------+------------------------------------------------------------------+
; Name                                      ; Value                                                            ;
+-------------------------------------------+------------------------------------------------------------------+
; Number of entity instances                ; 1                                                                ;
; Entity Instance                           ; mem_wrapper:iRemember|rom:memory|altsyncram:altsyncram_component ;
;     -- OPERATION_MODE                     ; ROM                                                              ;
;     -- WIDTH_A                            ; 64                                                               ;
;     -- NUMWORDS_A                         ; 9                                                                ;
;     -- OUTDATA_REG_A                      ; UNREGISTERED                                                     ;
;     -- WIDTH_B                            ; 1                                                                ;
;     -- NUMWORDS_B                         ; 1                                                                ;
;     -- ADDRESS_REG_B                      ; CLOCK1                                                           ;
;     -- OUTDATA_REG_B                      ; UNREGISTERED                                                     ;
;     -- RAM_BLOCK_TYPE                     ; AUTO                                                             ;
;     -- READ_DURING_WRITE_MODE_MIXED_PORTS ; DONT_CARE                                                        ;
+-------------------------------------------+------------------------------------------------------------------+


+-----------------------------------------------------------------------------------------------------------------+
; Port Connectivity Checks: "mat_vec_mult_t:iMAC|FIFO:hw[5].a_mat"                                                ;
+-------+--------+----------+-------------------------------------------------------------------------------------+
; Port  ; Type   ; Severity ; Details                                                                             ;
+-------+--------+----------+-------------------------------------------------------------------------------------+
; full  ; Output ; Info     ; Connected to dangling logic. Logic that only feeds a dangling port will be removed. ;
; empty ; Output ; Info     ; Connected to dangling logic. Logic that only feeds a dangling port will be removed. ;
+-------+--------+----------+-------------------------------------------------------------------------------------+


+-----------------------------------------------------------------------------------------------------------------+
; Port Connectivity Checks: "mat_vec_mult_t:iMAC|FIFO:hw[4].a_mat"                                                ;
+-------+--------+----------+-------------------------------------------------------------------------------------+
; Port  ; Type   ; Severity ; Details                                                                             ;
+-------+--------+----------+-------------------------------------------------------------------------------------+
; full  ; Output ; Info     ; Connected to dangling logic. Logic that only feeds a dangling port will be removed. ;
; empty ; Output ; Info     ; Connected to dangling logic. Logic that only feeds a dangling port will be removed. ;
+-------+--------+----------+-------------------------------------------------------------------------------------+


+-----------------------------------------------------------------------------------------------------------------+
; Port Connectivity Checks: "mat_vec_mult_t:iMAC|FIFO:hw[3].a_mat"                                                ;
+-------+--------+----------+-------------------------------------------------------------------------------------+
; Port  ; Type   ; Severity ; Details                                                                             ;
+-------+--------+----------+-------------------------------------------------------------------------------------+
; full  ; Output ; Info     ; Connected to dangling logic. Logic that only feeds a dangling port will be removed. ;
; empty ; Output ; Info     ; Connected to dangling logic. Logic that only feeds a dangling port will be removed. ;
+-------+--------+----------+-------------------------------------------------------------------------------------+


+-----------------------------------------------------------------------------------------------------------------+
; Port Connectivity Checks: "mat_vec_mult_t:iMAC|FIFO:hw[2].a_mat"                                                ;
+-------+--------+----------+-------------------------------------------------------------------------------------+
; Port  ; Type   ; Severity ; Details                                                                             ;
+-------+--------+----------+-------------------------------------------------------------------------------------+
; full  ; Output ; Info     ; Connected to dangling logic. Logic that only feeds a dangling port will be removed. ;
; empty ; Output ; Info     ; Connected to dangling logic. Logic that only feeds a dangling port will be removed. ;
+-------+--------+----------+-------------------------------------------------------------------------------------+


+-----------------------------------------------------------------------------------------------------------------+
; Port Connectivity Checks: "mat_vec_mult_t:iMAC|FIFO:hw[1].a_mat"                                                ;
+-------+--------+----------+-------------------------------------------------------------------------------------+
; Port  ; Type   ; Severity ; Details                                                                             ;
+-------+--------+----------+-------------------------------------------------------------------------------------+
; full  ; Output ; Info     ; Connected to dangling logic. Logic that only feeds a dangling port will be removed. ;
; empty ; Output ; Info     ; Connected to dangling logic. Logic that only feeds a dangling port will be removed. ;
+-------+--------+----------+-------------------------------------------------------------------------------------+


+-----------------------------------------------------------------------------------------------------------------+
; Port Connectivity Checks: "mat_vec_mult_t:iMAC|FIFO:hw[0].a_mat"                                                ;
+-------+--------+----------+-------------------------------------------------------------------------------------+
; Port  ; Type   ; Severity ; Details                                                                             ;
+-------+--------+----------+-------------------------------------------------------------------------------------+
; full  ; Output ; Info     ; Connected to dangling logic. Logic that only feeds a dangling port will be removed. ;
; empty ; Output ; Info     ; Connected to dangling logic. Logic that only feeds a dangling port will be removed. ;
+-------+--------+----------+-------------------------------------------------------------------------------------+


+---------------------------------------------------------------------------------------------------------------------------------------------------------------------------------------------------------------+
; Port Connectivity Checks: "mem_wrapper:iRemember|rom:memory"                                                                                                                                                  ;
+---------+-------+----------+----------------------------------------------------------------------------------------------------------------------------------------------------------------------------------+
; Port    ; Type  ; Severity ; Details                                                                                                                                                                          ;
+---------+-------+----------+----------------------------------------------------------------------------------------------------------------------------------------------------------------------------------+
; address ; Input ; Warning  ; Input port expression (5 bits) is wider than the input port (4 bits) it drives.  The 1 most-significant bit(s) in the expression will be dangling if they have no other fanouts. ;
+---------+-------+----------+----------------------------------------------------------------------------------------------------------------------------------------------------------------------------------+


+---------------------------------------------------+
; Port Connectivity Checks: "mem_wrapper:iRemember" ;
+----------------+-------+----------+---------------+
; Port           ; Type  ; Severity ; Details       ;
+----------------+-------+----------+---------------+
; address[31..4] ; Input ; Info     ; Stuck at GND  ;
+----------------+-------+----------+---------------+


+-------------------------------------------------------------------------------------------------------------------------------------------------------------------------------------------------------------------------------------------------------------------------+
; Signal Tap Logic Analyzer Settings                                                                                                                                                                                                                                      ;
+----------------+------------------+---------------------+------------------+--------------+----------+------------------------+----------------------+--------------------+-----------------------------+-----------------+------------------+--------------------------+
; Instance Index ; Instance Name    ; Trigger Input Width ; Data Input Width ; Sample Depth ; Segments ; Storage Qualifier Type ; Trigger Flow Control ; Trigger Conditions ; Advanced Trigger Conditions ; Trigger In Used ; Trigger Out Used ; Power-Up Trigger Enabled ;
+----------------+------------------+---------------------+------------------+--------------+----------+------------------------+----------------------+--------------------+-----------------------------+-----------------+------------------+--------------------------+
; 0              ; auto_signaltap_0 ; 32                  ; 102              ; 128          ; 1        ; continuous             ; sequential           ; 1                  ; 0                           ; no              ; no               ; no                       ;
+----------------+------------------+---------------------+------------------+--------------+----------+------------------------+----------------------+--------------------+-----------------------------+-----------------+------------------+--------------------------+


+-----------------------------------------------------+
; Post-Synthesis Netlist Statistics for Top Partition ;
+-----------------------+-----------------------------+
; Type                  ; Count                       ;
+-----------------------+-----------------------------+
; arriav_ff             ; 1232                        ;
;     CLR               ; 105                         ;
;     CLR SCLR          ; 80                          ;
;     ENA               ; 4                           ;
;     ENA CLR           ; 722                         ;
;     ENA CLR SCLR      ; 320                         ;
;     SCLR              ; 1                           ;
; arriav_lcell_comb     ; 794                         ;
;     arith             ; 192                         ;
;         1 data inputs ; 64                          ;
;         2 data inputs ; 128                         ;
;     normal            ; 602                         ;
;         0 data inputs ; 1                           ;
;         1 data inputs ; 2                           ;
;         2 data inputs ; 19                          ;
;         3 data inputs ; 114                         ;
;         4 data inputs ; 37                          ;
;         5 data inputs ; 71                          ;
;         6 data inputs ; 358                         ;
; arriav_mac            ; 8                           ;
; boundary_port         ; 172                         ;
; stratixv_ram_block    ; 64                          ;
;                       ;                             ;
; Max LUT depth         ; 3.30                        ;
; Average LUT depth     ; 2.01                        ;
+-----------------------+-----------------------------+


+-------------------------------+
; Elapsed Time Per Partition    ;
+----------------+--------------+
; Partition Name ; Elapsed Time ;
+----------------+--------------+
; Top            ; 00:00:00     ;
+----------------+--------------+


+--------------------------------------------------------------------------------------------------------------------------------------------------------------------------+
; Connections to In-System Debugging Instance "auto_signaltap_0"                                                                                                           ;
+---------------------------------------+---------------+-----------+--------------------------------+-------------------+---------------------------------------+---------+
; Name                                  ; Type          ; Status    ; Partition Name                 ; Netlist Type Used ; Actual Connection                     ; Details ;
+---------------------------------------+---------------+-----------+--------------------------------+-------------------+---------------------------------------+---------+
; CLOCK_50                              ; pre-synthesis ; connected ; Top                            ; post-synthesis    ; CLOCK_50                              ; N/A     ;
; mem_wrapper:iRemember|address[0]      ; pre-synthesis ; connected ; Top                            ; post-synthesis    ; mem_rd_count[0]                       ; N/A     ;
; mem_wrapper:iRemember|address[0]      ; pre-synthesis ; connected ; Top                            ; post-synthesis    ; mem_rd_count[0]                       ; N/A     ;
; mem_wrapper:iRemember|address[10]     ; pre-synthesis ; connected ; Top                            ; post-synthesis    ; GND                                   ; N/A     ;
; mem_wrapper:iRemember|address[10]     ; pre-synthesis ; connected ; Top                            ; post-synthesis    ; GND                                   ; N/A     ;
; mem_wrapper:iRemember|address[11]     ; pre-synthesis ; connected ; Top                            ; post-synthesis    ; GND                                   ; N/A     ;
; mem_wrapper:iRemember|address[11]     ; pre-synthesis ; connected ; Top                            ; post-synthesis    ; GND                                   ; N/A     ;
; mem_wrapper:iRemember|address[12]     ; pre-synthesis ; connected ; Top                            ; post-synthesis    ; GND                                   ; N/A     ;
; mem_wrapper:iRemember|address[12]     ; pre-synthesis ; connected ; Top                            ; post-synthesis    ; GND                                   ; N/A     ;
; mem_wrapper:iRemember|address[13]     ; pre-synthesis ; connected ; Top                            ; post-synthesis    ; GND                                   ; N/A     ;
; mem_wrapper:iRemember|address[13]     ; pre-synthesis ; connected ; Top                            ; post-synthesis    ; GND                                   ; N/A     ;
; mem_wrapper:iRemember|address[14]     ; pre-synthesis ; connected ; Top                            ; post-synthesis    ; GND                                   ; N/A     ;
; mem_wrapper:iRemember|address[14]     ; pre-synthesis ; connected ; Top                            ; post-synthesis    ; GND                                   ; N/A     ;
; mem_wrapper:iRemember|address[15]     ; pre-synthesis ; connected ; Top                            ; post-synthesis    ; GND                                   ; N/A     ;
; mem_wrapper:iRemember|address[15]     ; pre-synthesis ; connected ; Top                            ; post-synthesis    ; GND                                   ; N/A     ;
; mem_wrapper:iRemember|address[16]     ; pre-synthesis ; connected ; Top                            ; post-synthesis    ; GND                                   ; N/A     ;
; mem_wrapper:iRemember|address[16]     ; pre-synthesis ; connected ; Top                            ; post-synthesis    ; GND                                   ; N/A     ;
; mem_wrapper:iRemember|address[17]     ; pre-synthesis ; connected ; Top                            ; post-synthesis    ; GND                                   ; N/A     ;
; mem_wrapper:iRemember|address[17]     ; pre-synthesis ; connected ; Top                            ; post-synthesis    ; GND                                   ; N/A     ;
; mem_wrapper:iRemember|address[18]     ; pre-synthesis ; connected ; Top                            ; post-synthesis    ; GND                                   ; N/A     ;
; mem_wrapper:iRemember|address[18]     ; pre-synthesis ; connected ; Top                            ; post-synthesis    ; GND                                   ; N/A     ;
; mem_wrapper:iRemember|address[19]     ; pre-synthesis ; connected ; Top                            ; post-synthesis    ; GND                                   ; N/A     ;
; mem_wrapper:iRemember|address[19]     ; pre-synthesis ; connected ; Top                            ; post-synthesis    ; GND                                   ; N/A     ;
; mem_wrapper:iRemember|address[1]      ; pre-synthesis ; connected ; Top                            ; post-synthesis    ; mem_rd_count[1]                       ; N/A     ;
; mem_wrapper:iRemember|address[1]      ; pre-synthesis ; connected ; Top                            ; post-synthesis    ; mem_rd_count[1]                       ; N/A     ;
; mem_wrapper:iRemember|address[20]     ; pre-synthesis ; connected ; Top                            ; post-synthesis    ; GND                                   ; N/A     ;
; mem_wrapper:iRemember|address[20]     ; pre-synthesis ; connected ; Top                            ; post-synthesis    ; GND                                   ; N/A     ;
; mem_wrapper:iRemember|address[21]     ; pre-synthesis ; connected ; Top                            ; post-synthesis    ; GND                                   ; N/A     ;
; mem_wrapper:iRemember|address[21]     ; pre-synthesis ; connected ; Top                            ; post-synthesis    ; GND                                   ; N/A     ;
; mem_wrapper:iRemember|address[22]     ; pre-synthesis ; connected ; Top                            ; post-synthesis    ; GND                                   ; N/A     ;
; mem_wrapper:iRemember|address[22]     ; pre-synthesis ; connected ; Top                            ; post-synthesis    ; GND                                   ; N/A     ;
; mem_wrapper:iRemember|address[23]     ; pre-synthesis ; connected ; Top                            ; post-synthesis    ; GND                                   ; N/A     ;
; mem_wrapper:iRemember|address[23]     ; pre-synthesis ; connected ; Top                            ; post-synthesis    ; GND                                   ; N/A     ;
; mem_wrapper:iRemember|address[24]     ; pre-synthesis ; connected ; Top                            ; post-synthesis    ; GND                                   ; N/A     ;
; mem_wrapper:iRemember|address[24]     ; pre-synthesis ; connected ; Top                            ; post-synthesis    ; GND                                   ; N/A     ;
; mem_wrapper:iRemember|address[25]     ; pre-synthesis ; connected ; Top                            ; post-synthesis    ; GND                                   ; N/A     ;
; mem_wrapper:iRemember|address[25]     ; pre-synthesis ; connected ; Top                            ; post-synthesis    ; GND                                   ; N/A     ;
; mem_wrapper:iRemember|address[26]     ; pre-synthesis ; connected ; Top                            ; post-synthesis    ; GND                                   ; N/A     ;
; mem_wrapper:iRemember|address[26]     ; pre-synthesis ; connected ; Top                            ; post-synthesis    ; GND                                   ; N/A     ;
; mem_wrapper:iRemember|address[27]     ; pre-synthesis ; connected ; Top                            ; post-synthesis    ; GND                                   ; N/A     ;
; mem_wrapper:iRemember|address[27]     ; pre-synthesis ; connected ; Top                            ; post-synthesis    ; GND                                   ; N/A     ;
; mem_wrapper:iRemember|address[28]     ; pre-synthesis ; connected ; Top                            ; post-synthesis    ; GND                                   ; N/A     ;
; mem_wrapper:iRemember|address[28]     ; pre-synthesis ; connected ; Top                            ; post-synthesis    ; GND                                   ; N/A     ;
; mem_wrapper:iRemember|address[29]     ; pre-synthesis ; connected ; Top                            ; post-synthesis    ; GND                                   ; N/A     ;
; mem_wrapper:iRemember|address[29]     ; pre-synthesis ; connected ; Top                            ; post-synthesis    ; GND                                   ; N/A     ;
; mem_wrapper:iRemember|address[2]      ; pre-synthesis ; connected ; Top                            ; post-synthesis    ; mem_rd_count[2]                       ; N/A     ;
; mem_wrapper:iRemember|address[2]      ; pre-synthesis ; connected ; Top                            ; post-synthesis    ; mem_rd_count[2]                       ; N/A     ;
; mem_wrapper:iRemember|address[30]     ; pre-synthesis ; connected ; Top                            ; post-synthesis    ; GND                                   ; N/A     ;
; mem_wrapper:iRemember|address[30]     ; pre-synthesis ; connected ; Top                            ; post-synthesis    ; GND                                   ; N/A     ;
; mem_wrapper:iRemember|address[31]     ; pre-synthesis ; connected ; Top                            ; post-synthesis    ; GND                                   ; N/A     ;
; mem_wrapper:iRemember|address[31]     ; pre-synthesis ; connected ; Top                            ; post-synthesis    ; GND                                   ; N/A     ;
; mem_wrapper:iRemember|address[3]      ; pre-synthesis ; connected ; Top                            ; post-synthesis    ; mem_rd_count[3]                       ; N/A     ;
; mem_wrapper:iRemember|address[3]      ; pre-synthesis ; connected ; Top                            ; post-synthesis    ; mem_rd_count[3]                       ; N/A     ;
; mem_wrapper:iRemember|address[4]      ; pre-synthesis ; connected ; Top                            ; post-synthesis    ; GND                                   ; N/A     ;
; mem_wrapper:iRemember|address[4]      ; pre-synthesis ; connected ; Top                            ; post-synthesis    ; GND                                   ; N/A     ;
; mem_wrapper:iRemember|address[5]      ; pre-synthesis ; connected ; Top                            ; post-synthesis    ; GND                                   ; N/A     ;
; mem_wrapper:iRemember|address[5]      ; pre-synthesis ; connected ; Top                            ; post-synthesis    ; GND                                   ; N/A     ;
; mem_wrapper:iRemember|address[6]      ; pre-synthesis ; connected ; Top                            ; post-synthesis    ; GND                                   ; N/A     ;
; mem_wrapper:iRemember|address[6]      ; pre-synthesis ; connected ; Top                            ; post-synthesis    ; GND                                   ; N/A     ;
; mem_wrapper:iRemember|address[7]      ; pre-synthesis ; connected ; Top                            ; post-synthesis    ; GND                                   ; N/A     ;
; mem_wrapper:iRemember|address[7]      ; pre-synthesis ; connected ; Top                            ; post-synthesis    ; GND                                   ; N/A     ;
; mem_wrapper:iRemember|address[8]      ; pre-synthesis ; connected ; Top                            ; post-synthesis    ; GND                                   ; N/A     ;
; mem_wrapper:iRemember|address[8]      ; pre-synthesis ; connected ; Top                            ; post-synthesis    ; GND                                   ; N/A     ;
; mem_wrapper:iRemember|address[9]      ; pre-synthesis ; connected ; Top                            ; post-synthesis    ; GND                                   ; N/A     ;
; mem_wrapper:iRemember|address[9]      ; pre-synthesis ; connected ; Top                            ; post-synthesis    ; GND                                   ; N/A     ;
; mem_wrapper:iRemember|read_address[0] ; pre-synthesis ; connected ; Top                            ; post-synthesis    ; mem_wrapper:iRemember|read_address[0] ; N/A     ;
; mem_wrapper:iRemember|read_address[1] ; pre-synthesis ; connected ; Top                            ; post-synthesis    ; mem_wrapper:iRemember|read_address[1] ; N/A     ;
; mem_wrapper:iRemember|read_address[2] ; pre-synthesis ; connected ; Top                            ; post-synthesis    ; mem_wrapper:iRemember|read_address[2] ; N/A     ;
; mem_wrapper:iRemember|read_address[3] ; pre-synthesis ; connected ; Top                            ; post-synthesis    ; mem_wrapper:iRemember|read_address[3] ; N/A     ;
; mem_wrapper:iRemember|read_address[4] ; pre-synthesis ; connected ; Top                            ; post-synthesis    ; GND                                   ; N/A     ;
; mem_wrapper:iRemember|readdata[0]     ; pre-synthesis ; connected ; Top                            ; post-synthesis    ; mem_wrapper:iRemember|readdata[0]     ; N/A     ;
; mem_wrapper:iRemember|readdata[10]    ; pre-synthesis ; connected ; Top                            ; post-synthesis    ; mem_wrapper:iRemember|readdata[10]    ; N/A     ;
; mem_wrapper:iRemember|readdata[11]    ; pre-synthesis ; connected ; Top                            ; post-synthesis    ; mem_wrapper:iRemember|readdata[11]    ; N/A     ;
; mem_wrapper:iRemember|readdata[12]    ; pre-synthesis ; connected ; Top                            ; post-synthesis    ; mem_wrapper:iRemember|readdata[12]    ; N/A     ;
; mem_wrapper:iRemember|readdata[13]    ; pre-synthesis ; connected ; Top                            ; post-synthesis    ; mem_wrapper:iRemember|readdata[13]    ; N/A     ;
; mem_wrapper:iRemember|readdata[14]    ; pre-synthesis ; connected ; Top                            ; post-synthesis    ; mem_wrapper:iRemember|readdata[14]    ; N/A     ;
; mem_wrapper:iRemember|readdata[15]    ; pre-synthesis ; connected ; Top                            ; post-synthesis    ; mem_wrapper:iRemember|readdata[15]    ; N/A     ;
; mem_wrapper:iRemember|readdata[16]    ; pre-synthesis ; connected ; Top                            ; post-synthesis    ; mem_wrapper:iRemember|readdata[16]    ; N/A     ;
; mem_wrapper:iRemember|readdata[17]    ; pre-synthesis ; connected ; Top                            ; post-synthesis    ; mem_wrapper:iRemember|readdata[17]    ; N/A     ;
; mem_wrapper:iRemember|readdata[18]    ; pre-synthesis ; connected ; Top                            ; post-synthesis    ; mem_wrapper:iRemember|readdata[18]    ; N/A     ;
; mem_wrapper:iRemember|readdata[19]    ; pre-synthesis ; connected ; Top                            ; post-synthesis    ; mem_wrapper:iRemember|readdata[19]    ; N/A     ;
; mem_wrapper:iRemember|readdata[1]     ; pre-synthesis ; connected ; Top                            ; post-synthesis    ; mem_wrapper:iRemember|readdata[1]     ; N/A     ;
; mem_wrapper:iRemember|readdata[20]    ; pre-synthesis ; connected ; Top                            ; post-synthesis    ; mem_wrapper:iRemember|readdata[20]    ; N/A     ;
; mem_wrapper:iRemember|readdata[21]    ; pre-synthesis ; connected ; Top                            ; post-synthesis    ; mem_wrapper:iRemember|readdata[21]    ; N/A     ;
; mem_wrapper:iRemember|readdata[22]    ; pre-synthesis ; connected ; Top                            ; post-synthesis    ; mem_wrapper:iRemember|readdata[22]    ; N/A     ;
; mem_wrapper:iRemember|readdata[23]    ; pre-synthesis ; connected ; Top                            ; post-synthesis    ; mem_wrapper:iRemember|readdata[23]    ; N/A     ;
; mem_wrapper:iRemember|readdata[24]    ; pre-synthesis ; connected ; Top                            ; post-synthesis    ; mem_wrapper:iRemember|readdata[24]    ; N/A     ;
; mem_wrapper:iRemember|readdata[25]    ; pre-synthesis ; connected ; Top                            ; post-synthesis    ; mem_wrapper:iRemember|readdata[25]    ; N/A     ;
; mem_wrapper:iRemember|readdata[26]    ; pre-synthesis ; connected ; Top                            ; post-synthesis    ; mem_wrapper:iRemember|readdata[26]    ; N/A     ;
; mem_wrapper:iRemember|readdata[27]    ; pre-synthesis ; connected ; Top                            ; post-synthesis    ; mem_wrapper:iRemember|readdata[27]    ; N/A     ;
; mem_wrapper:iRemember|readdata[28]    ; pre-synthesis ; connected ; Top                            ; post-synthesis    ; mem_wrapper:iRemember|readdata[28]    ; N/A     ;
; mem_wrapper:iRemember|readdata[29]    ; pre-synthesis ; connected ; Top                            ; post-synthesis    ; mem_wrapper:iRemember|readdata[29]    ; N/A     ;
; mem_wrapper:iRemember|readdata[2]     ; pre-synthesis ; connected ; Top                            ; post-synthesis    ; mem_wrapper:iRemember|readdata[2]     ; N/A     ;
; mem_wrapper:iRemember|readdata[30]    ; pre-synthesis ; connected ; Top                            ; post-synthesis    ; mem_wrapper:iRemember|readdata[30]    ; N/A     ;
; mem_wrapper:iRemember|readdata[31]    ; pre-synthesis ; connected ; Top                            ; post-synthesis    ; mem_wrapper:iRemember|readdata[31]    ; N/A     ;
; mem_wrapper:iRemember|readdata[32]    ; pre-synthesis ; connected ; Top                            ; post-synthesis    ; mem_wrapper:iRemember|readdata[32]    ; N/A     ;
; mem_wrapper:iRemember|readdata[33]    ; pre-synthesis ; connected ; Top                            ; post-synthesis    ; mem_wrapper:iRemember|readdata[33]    ; N/A     ;
; mem_wrapper:iRemember|readdata[34]    ; pre-synthesis ; connected ; Top                            ; post-synthesis    ; mem_wrapper:iRemember|readdata[34]    ; N/A     ;
; mem_wrapper:iRemember|readdata[35]    ; pre-synthesis ; connected ; Top                            ; post-synthesis    ; mem_wrapper:iRemember|readdata[35]    ; N/A     ;
; mem_wrapper:iRemember|readdata[36]    ; pre-synthesis ; connected ; Top                            ; post-synthesis    ; mem_wrapper:iRemember|readdata[36]    ; N/A     ;
; mem_wrapper:iRemember|readdata[37]    ; pre-synthesis ; connected ; Top                            ; post-synthesis    ; mem_wrapper:iRemember|readdata[37]    ; N/A     ;
; mem_wrapper:iRemember|readdata[38]    ; pre-synthesis ; connected ; Top                            ; post-synthesis    ; mem_wrapper:iRemember|readdata[38]    ; N/A     ;
; mem_wrapper:iRemember|readdata[39]    ; pre-synthesis ; connected ; Top                            ; post-synthesis    ; mem_wrapper:iRemember|readdata[39]    ; N/A     ;
; mem_wrapper:iRemember|readdata[3]     ; pre-synthesis ; connected ; Top                            ; post-synthesis    ; mem_wrapper:iRemember|readdata[3]     ; N/A     ;
; mem_wrapper:iRemember|readdata[40]    ; pre-synthesis ; connected ; Top                            ; post-synthesis    ; mem_wrapper:iRemember|readdata[40]    ; N/A     ;
; mem_wrapper:iRemember|readdata[41]    ; pre-synthesis ; connected ; Top                            ; post-synthesis    ; mem_wrapper:iRemember|readdata[41]    ; N/A     ;
; mem_wrapper:iRemember|readdata[42]    ; pre-synthesis ; connected ; Top                            ; post-synthesis    ; mem_wrapper:iRemember|readdata[42]    ; N/A     ;
; mem_wrapper:iRemember|readdata[43]    ; pre-synthesis ; connected ; Top                            ; post-synthesis    ; mem_wrapper:iRemember|readdata[43]    ; N/A     ;
; mem_wrapper:iRemember|readdata[44]    ; pre-synthesis ; connected ; Top                            ; post-synthesis    ; mem_wrapper:iRemember|readdata[44]    ; N/A     ;
; mem_wrapper:iRemember|readdata[45]    ; pre-synthesis ; connected ; Top                            ; post-synthesis    ; mem_wrapper:iRemember|readdata[45]    ; N/A     ;
; mem_wrapper:iRemember|readdata[46]    ; pre-synthesis ; connected ; Top                            ; post-synthesis    ; mem_wrapper:iRemember|readdata[46]    ; N/A     ;
; mem_wrapper:iRemember|readdata[47]    ; pre-synthesis ; connected ; Top                            ; post-synthesis    ; mem_wrapper:iRemember|readdata[47]    ; N/A     ;
; mem_wrapper:iRemember|readdata[48]    ; pre-synthesis ; connected ; Top                            ; post-synthesis    ; mem_wrapper:iRemember|readdata[48]    ; N/A     ;
; mem_wrapper:iRemember|readdata[49]    ; pre-synthesis ; connected ; Top                            ; post-synthesis    ; mem_wrapper:iRemember|readdata[49]    ; N/A     ;
; mem_wrapper:iRemember|readdata[4]     ; pre-synthesis ; connected ; Top                            ; post-synthesis    ; mem_wrapper:iRemember|readdata[4]     ; N/A     ;
; mem_wrapper:iRemember|readdata[50]    ; pre-synthesis ; connected ; Top                            ; post-synthesis    ; mem_wrapper:iRemember|readdata[50]    ; N/A     ;
; mem_wrapper:iRemember|readdata[51]    ; pre-synthesis ; connected ; Top                            ; post-synthesis    ; mem_wrapper:iRemember|readdata[51]    ; N/A     ;
; mem_wrapper:iRemember|readdata[52]    ; pre-synthesis ; connected ; Top                            ; post-synthesis    ; mem_wrapper:iRemember|readdata[52]    ; N/A     ;
; mem_wrapper:iRemember|readdata[53]    ; pre-synthesis ; connected ; Top                            ; post-synthesis    ; mem_wrapper:iRemember|readdata[53]    ; N/A     ;
; mem_wrapper:iRemember|readdata[54]    ; pre-synthesis ; connected ; Top                            ; post-synthesis    ; mem_wrapper:iRemember|readdata[54]    ; N/A     ;
; mem_wrapper:iRemember|readdata[55]    ; pre-synthesis ; connected ; Top                            ; post-synthesis    ; mem_wrapper:iRemember|readdata[55]    ; N/A     ;
; mem_wrapper:iRemember|readdata[56]    ; pre-synthesis ; connected ; Top                            ; post-synthesis    ; mem_wrapper:iRemember|readdata[56]    ; N/A     ;
; mem_wrapper:iRemember|readdata[57]    ; pre-synthesis ; connected ; Top                            ; post-synthesis    ; mem_wrapper:iRemember|readdata[57]    ; N/A     ;
; mem_wrapper:iRemember|readdata[58]    ; pre-synthesis ; connected ; Top                            ; post-synthesis    ; mem_wrapper:iRemember|readdata[58]    ; N/A     ;
; mem_wrapper:iRemember|readdata[59]    ; pre-synthesis ; connected ; Top                            ; post-synthesis    ; mem_wrapper:iRemember|readdata[59]    ; N/A     ;
; mem_wrapper:iRemember|readdata[5]     ; pre-synthesis ; connected ; Top                            ; post-synthesis    ; mem_wrapper:iRemember|readdata[5]     ; N/A     ;
; mem_wrapper:iRemember|readdata[60]    ; pre-synthesis ; connected ; Top                            ; post-synthesis    ; mem_wrapper:iRemember|readdata[60]    ; N/A     ;
; mem_wrapper:iRemember|readdata[61]    ; pre-synthesis ; connected ; Top                            ; post-synthesis    ; mem_wrapper:iRemember|readdata[61]    ; N/A     ;
; mem_wrapper:iRemember|readdata[62]    ; pre-synthesis ; connected ; Top                            ; post-synthesis    ; mem_wrapper:iRemember|readdata[62]    ; N/A     ;
; mem_wrapper:iRemember|readdata[63]    ; pre-synthesis ; connected ; Top                            ; post-synthesis    ; mem_wrapper:iRemember|readdata[63]    ; N/A     ;
; mem_wrapper:iRemember|readdata[6]     ; pre-synthesis ; connected ; Top                            ; post-synthesis    ; mem_wrapper:iRemember|readdata[6]     ; N/A     ;
; mem_wrapper:iRemember|readdata[7]     ; pre-synthesis ; connected ; Top                            ; post-synthesis    ; mem_wrapper:iRemember|readdata[7]     ; N/A     ;
; mem_wrapper:iRemember|readdata[8]     ; pre-synthesis ; connected ; Top                            ; post-synthesis    ; mem_wrapper:iRemember|readdata[8]     ; N/A     ;
; mem_wrapper:iRemember|readdata[9]     ; pre-synthesis ; connected ; Top                            ; post-synthesis    ; mem_wrapper:iRemember|readdata[9]     ; N/A     ;
; mem_wrapper:iRemember|readdatavalid   ; pre-synthesis ; connected ; Top                            ; post-synthesis    ; mem_wrapper:iRemember|readdatavalid   ; N/A     ;
; auto_signaltap_0|gnd                  ; post-fitting  ; connected ; sld_signaltap:auto_signaltap_0 ; post-synthesis    ; sld_signaltap:auto_signaltap_0|~GND   ; N/A     ;
; auto_signaltap_0|gnd                  ; post-fitting  ; connected ; sld_signaltap:auto_signaltap_0 ; post-synthesis    ; sld_signaltap:auto_signaltap_0|~GND   ; N/A     ;
; auto_signaltap_0|gnd                  ; post-fitting  ; connected ; sld_signaltap:auto_signaltap_0 ; post-synthesis    ; sld_signaltap:auto_signaltap_0|~GND   ; N/A     ;
; auto_signaltap_0|gnd                  ; post-fitting  ; connected ; sld_signaltap:auto_signaltap_0 ; post-synthesis    ; sld_signaltap:auto_signaltap_0|~GND   ; N/A     ;
; auto_signaltap_0|gnd                  ; post-fitting  ; connected ; sld_signaltap:auto_signaltap_0 ; post-synthesis    ; sld_signaltap:auto_signaltap_0|~GND   ; N/A     ;
; auto_signaltap_0|gnd                  ; post-fitting  ; connected ; sld_signaltap:auto_signaltap_0 ; post-synthesis    ; sld_signaltap:auto_signaltap_0|~GND   ; N/A     ;
; auto_signaltap_0|gnd                  ; post-fitting  ; connected ; sld_signaltap:auto_signaltap_0 ; post-synthesis    ; sld_signaltap:auto_signaltap_0|~GND   ; N/A     ;
; auto_signaltap_0|gnd                  ; post-fitting  ; connected ; sld_signaltap:auto_signaltap_0 ; post-synthesis    ; sld_signaltap:auto_signaltap_0|~GND   ; N/A     ;
; auto_signaltap_0|gnd                  ; post-fitting  ; connected ; sld_signaltap:auto_signaltap_0 ; post-synthesis    ; sld_signaltap:auto_signaltap_0|~GND   ; N/A     ;
; auto_signaltap_0|gnd                  ; post-fitting  ; connected ; sld_signaltap:auto_signaltap_0 ; post-synthesis    ; sld_signaltap:auto_signaltap_0|~GND   ; N/A     ;
; auto_signaltap_0|gnd                  ; post-fitting  ; connected ; sld_signaltap:auto_signaltap_0 ; post-synthesis    ; sld_signaltap:auto_signaltap_0|~GND   ; N/A     ;
; auto_signaltap_0|gnd                  ; post-fitting  ; connected ; sld_signaltap:auto_signaltap_0 ; post-synthesis    ; sld_signaltap:auto_signaltap_0|~GND   ; N/A     ;
; auto_signaltap_0|gnd                  ; post-fitting  ; connected ; sld_signaltap:auto_signaltap_0 ; post-synthesis    ; sld_signaltap:auto_signaltap_0|~GND   ; N/A     ;
; auto_signaltap_0|gnd                  ; post-fitting  ; connected ; sld_signaltap:auto_signaltap_0 ; post-synthesis    ; sld_signaltap:auto_signaltap_0|~GND   ; N/A     ;
; auto_signaltap_0|gnd                  ; post-fitting  ; connected ; sld_signaltap:auto_signaltap_0 ; post-synthesis    ; sld_signaltap:auto_signaltap_0|~GND   ; N/A     ;
; auto_signaltap_0|vcc                  ; post-fitting  ; connected ; sld_signaltap:auto_signaltap_0 ; post-synthesis    ; sld_signaltap:auto_signaltap_0|~VCC   ; N/A     ;
; auto_signaltap_0|vcc                  ; post-fitting  ; connected ; sld_signaltap:auto_signaltap_0 ; post-synthesis    ; sld_signaltap:auto_signaltap_0|~VCC   ; N/A     ;
; auto_signaltap_0|vcc                  ; post-fitting  ; connected ; sld_signaltap:auto_signaltap_0 ; post-synthesis    ; sld_signaltap:auto_signaltap_0|~VCC   ; N/A     ;
; auto_signaltap_0|vcc                  ; post-fitting  ; connected ; sld_signaltap:auto_signaltap_0 ; post-synthesis    ; sld_signaltap:auto_signaltap_0|~VCC   ; N/A     ;
; auto_signaltap_0|vcc                  ; post-fitting  ; connected ; sld_signaltap:auto_signaltap_0 ; post-synthesis    ; sld_signaltap:auto_signaltap_0|~VCC   ; N/A     ;
; auto_signaltap_0|vcc                  ; post-fitting  ; connected ; sld_signaltap:auto_signaltap_0 ; post-synthesis    ; sld_signaltap:auto_signaltap_0|~VCC   ; N/A     ;
; auto_signaltap_0|vcc                  ; post-fitting  ; connected ; sld_signaltap:auto_signaltap_0 ; post-synthesis    ; sld_signaltap:auto_signaltap_0|~VCC   ; N/A     ;
; auto_signaltap_0|vcc                  ; post-fitting  ; connected ; sld_signaltap:auto_signaltap_0 ; post-synthesis    ; sld_signaltap:auto_signaltap_0|~VCC   ; N/A     ;
; auto_signaltap_0|vcc                  ; post-fitting  ; connected ; sld_signaltap:auto_signaltap_0 ; post-synthesis    ; sld_signaltap:auto_signaltap_0|~VCC   ; N/A     ;
; auto_signaltap_0|vcc                  ; post-fitting  ; connected ; sld_signaltap:auto_signaltap_0 ; post-synthesis    ; sld_signaltap:auto_signaltap_0|~VCC   ; N/A     ;
; auto_signaltap_0|vcc                  ; post-fitting  ; connected ; sld_signaltap:auto_signaltap_0 ; post-synthesis    ; sld_signaltap:auto_signaltap_0|~VCC   ; N/A     ;
; auto_signaltap_0|vcc                  ; post-fitting  ; connected ; sld_signaltap:auto_signaltap_0 ; post-synthesis    ; sld_signaltap:auto_signaltap_0|~VCC   ; N/A     ;
; auto_signaltap_0|vcc                  ; post-fitting  ; connected ; sld_signaltap:auto_signaltap_0 ; post-synthesis    ; sld_signaltap:auto_signaltap_0|~VCC   ; N/A     ;
; auto_signaltap_0|vcc                  ; post-fitting  ; connected ; sld_signaltap:auto_signaltap_0 ; post-synthesis    ; sld_signaltap:auto_signaltap_0|~VCC   ; N/A     ;
; auto_signaltap_0|vcc                  ; post-fitting  ; connected ; sld_signaltap:auto_signaltap_0 ; post-synthesis    ; sld_signaltap:auto_signaltap_0|~VCC   ; N/A     ;
; auto_signaltap_0|vcc                  ; post-fitting  ; connected ; sld_signaltap:auto_signaltap_0 ; post-synthesis    ; sld_signaltap:auto_signaltap_0|~VCC   ; N/A     ;
; auto_signaltap_0|vcc                  ; post-fitting  ; connected ; sld_signaltap:auto_signaltap_0 ; post-synthesis    ; sld_signaltap:auto_signaltap_0|~VCC   ; N/A     ;
+---------------------------------------+---------------+-----------+--------------------------------+-------------------+---------------------------------------+---------+


+-------------------------------+
; Analysis & Synthesis Messages ;
+-------------------------------+
Info: *******************************************************************
Info: Running Quartus Prime Analysis & Synthesis
    Info: Version 25.1std.0 Build 1129 10/21/2025 SC Lite Edition
    Info: Processing started: Tue Feb 10 19:08:36 2026
Info: Command: quartus_map --read_settings_files=on --write_settings_files=off Minilab1b_T2 -c Minilab1b_T2
Warning (18236): Number of processors has not been specified which may cause overloading on shared machines.  Set the global assignment NUM_PARALLEL_PROCESSORS in your QSF to an appropriate value for best performance.
Info (20030): Parallel compilation is enabled and will use 8 of the 8 processors detected
Info (12021): Found 1 design units, including 1 entities, in source file mat_vec_mult_t.sv
    Info (12023): Found entity 1: mat_vec_mult_t File: /home/michael2/Documents/Classes/ECE554_Minilab1/1b_actually0/mat_vec_mult_t.sv Line: 6
Info (12021): Found 1 design units, including 1 entities, in source file Minilab1b_T2.sv
    Info (12023): Found entity 1: Minilab1b_T2 File: /home/michael2/Documents/Classes/ECE554_Minilab1/1b_actually0/Minilab1b_T2.sv Line: 6
Info (12021): Found 1 design units, including 1 entities, in source file fifo.sv
    Info (12023): Found entity 1: FIFO File: /home/michael2/Documents/Classes/ECE554_Minilab1/1b_actually0/fifo.sv Line: 1
Info (12021): Found 1 design units, including 1 entities, in source file mac.sv
    Info (12023): Found entity 1: MAC File: /home/michael2/Documents/Classes/ECE554_Minilab1/1b_actually0/mac.sv Line: 1
Info (12021): Found 1 design units, including 1 entities, in source file mat_vec_mult.sv
    Info (12023): Found entity 1: mat_vec_mult File: /home/michael2/Documents/Classes/ECE554_Minilab1/1b_actually0/mat_vec_mult.sv Line: 6
Info (12021): Found 1 design units, including 1 entities, in source file memory.v
    Info (12023): Found entity 1: mem_wrapper File: /home/michael2/Documents/Classes/ECE554_Minilab1/1b_actually0/memory.v Line: 2
Info (12021): Found 1 design units, including 1 entities, in source file rom.v
    Info (12023): Found entity 1: rom File: /home/michael2/Documents/Classes/ECE554_Minilab1/1b_actually0/rom.v Line: 40
Info (12127): Elaborating entity "Minilab1b_T2" for the top level hierarchy
Warning (10036): Verilog HDL or VHDL warning at Minilab1b_T2.sv(55): object "a_ff1" assigned a value but never read File: /home/michael2/Documents/Classes/ECE554_Minilab1/1b_actually0/Minilab1b_T2.sv Line: 55
Warning (10240): Verilog HDL Always Construct warning at Minilab1b_T2.sv(165): inferring latch(es) for variable "rst_b", which holds its previous value in one or more paths through the always construct File: /home/michael2/Documents/Classes/ECE554_Minilab1/1b_actually0/Minilab1b_T2.sv Line: 165
Warning (10240): Verilog HDL Always Construct warning at Minilab1b_T2.sv(165): inferring latch(es) for variable "done", which holds its previous value in one or more paths through the always construct File: /home/michael2/Documents/Classes/ECE554_Minilab1/1b_actually0/Minilab1b_T2.sv Line: 165
Warning (10240): Verilog HDL Always Construct warning at Minilab1b_T2.sv(165): inferring latch(es) for variable "a_in_SM", which holds its previous value in one or more paths through the always construct File: /home/michael2/Documents/Classes/ECE554_Minilab1/1b_actually0/Minilab1b_T2.sv Line: 165
Warning (10240): Verilog HDL Always Construct warning at Minilab1b_T2.sv(165): inferring latch(es) for variable "b_in", which holds its previous value in one or more paths through the always construct File: /home/michael2/Documents/Classes/ECE554_Minilab1/1b_actually0/Minilab1b_T2.sv Line: 165
Info (10041): Inferred latch for "b_in[0]" at Minilab1b_T2.sv(165) File: /home/michael2/Documents/Classes/ECE554_Minilab1/1b_actually0/Minilab1b_T2.sv Line: 165
Info (10041): Inferred latch for "b_in[1]" at Minilab1b_T2.sv(165) File: /home/michael2/Documents/Classes/ECE554_Minilab1/1b_actually0/Minilab1b_T2.sv Line: 165
Info (10041): Inferred latch for "b_in[2]" at Minilab1b_T2.sv(165) File: /home/michael2/Documents/Classes/ECE554_Minilab1/1b_actually0/Minilab1b_T2.sv Line: 165
Info (10041): Inferred latch for "b_in[3]" at Minilab1b_T2.sv(165) File: /home/michael2/Documents/Classes/ECE554_Minilab1/1b_actually0/Minilab1b_T2.sv Line: 165
Info (10041): Inferred latch for "b_in[4]" at Minilab1b_T2.sv(165) File: /home/michael2/Documents/Classes/ECE554_Minilab1/1b_actually0/Minilab1b_T2.sv Line: 165
Info (10041): Inferred latch for "b_in[5]" at Minilab1b_T2.sv(165) File: /home/michael2/Documents/Classes/ECE554_Minilab1/1b_actually0/Minilab1b_T2.sv Line: 165
Info (10041): Inferred latch for "b_in[6]" at Minilab1b_T2.sv(165) File: /home/michael2/Documents/Classes/ECE554_Minilab1/1b_actually0/Minilab1b_T2.sv Line: 165
Info (10041): Inferred latch for "b_in[7]" at Minilab1b_T2.sv(165) File: /home/michael2/Documents/Classes/ECE554_Minilab1/1b_actually0/Minilab1b_T2.sv Line: 165
Info (10041): Inferred latch for "a_in_SM[0]" at Minilab1b_T2.sv(165) File: /home/michael2/Documents/Classes/ECE554_Minilab1/1b_actually0/Minilab1b_T2.sv Line: 165
Info (10041): Inferred latch for "a_in_SM[1]" at Minilab1b_T2.sv(165) File: /home/michael2/Documents/Classes/ECE554_Minilab1/1b_actually0/Minilab1b_T2.sv Line: 165
Info (10041): Inferred latch for "a_in_SM[2]" at Minilab1b_T2.sv(165) File: /home/michael2/Documents/Classes/ECE554_Minilab1/1b_actually0/Minilab1b_T2.sv Line: 165
Info (10041): Inferred latch for "a_in_SM[3]" at Minilab1b_T2.sv(165) File: /home/michael2/Documents/Classes/ECE554_Minilab1/1b_actually0/Minilab1b_T2.sv Line: 165
Info (10041): Inferred latch for "a_in_SM[4]" at Minilab1b_T2.sv(165) File: /home/michael2/Documents/Classes/ECE554_Minilab1/1b_actually0/Minilab1b_T2.sv Line: 165
Info (10041): Inferred latch for "a_in_SM[5]" at Minilab1b_T2.sv(165) File: /home/michael2/Documents/Classes/ECE554_Minilab1/1b_actually0/Minilab1b_T2.sv Line: 165
Info (10041): Inferred latch for "a_in_SM[6]" at Minilab1b_T2.sv(165) File: /home/michael2/Documents/Classes/ECE554_Minilab1/1b_actually0/Minilab1b_T2.sv Line: 165
Info (10041): Inferred latch for "a_in_SM[7]" at Minilab1b_T2.sv(165) File: /home/michael2/Documents/Classes/ECE554_Minilab1/1b_actually0/Minilab1b_T2.sv Line: 165
Info (10041): Inferred latch for "done" at Minilab1b_T2.sv(165) File: /home/michael2/Documents/Classes/ECE554_Minilab1/1b_actually0/Minilab1b_T2.sv Line: 165
Info (10041): Inferred latch for "rst_b" at Minilab1b_T2.sv(165) File: /home/michael2/Documents/Classes/ECE554_Minilab1/1b_actually0/Minilab1b_T2.sv Line: 165
Info (12128): Elaborating entity "mem_wrapper" for hierarchy "mem_wrapper:iRemember" File: /home/michael2/Documents/Classes/ECE554_Minilab1/1b_actually0/Minilab1b_T2.sv Line: 102
Warning (10230): Verilog HDL assignment warning at memory.v(44): truncated value with size 32 to match size of target (5) File: /home/michael2/Documents/Classes/ECE554_Minilab1/1b_actually0/memory.v Line: 44
Warning (10230): Verilog HDL assignment warning at memory.v(52): truncated value with size 32 to match size of target (4) File: /home/michael2/Documents/Classes/ECE554_Minilab1/1b_actually0/memory.v Line: 52
Info (12128): Elaborating entity "rom" for hierarchy "mem_wrapper:iRemember|rom:memory" File: /home/michael2/Documents/Classes/ECE554_Minilab1/1b_actually0/memory.v Line: 28
Info (12128): Elaborating entity "altsyncram" for hierarchy "mem_wrapper:iRemember|rom:memory|altsyncram:altsyncram_component" File: /home/michael2/Documents/Classes/ECE554_Minilab1/1b_actually0/rom.v Line: 82
Info (12130): Elaborated megafunction instantiation "mem_wrapper:iRemember|rom:memory|altsyncram:altsyncram_component" File: /home/michael2/Documents/Classes/ECE554_Minilab1/1b_actually0/rom.v Line: 82
Info (12133): Instantiated megafunction "mem_wrapper:iRemember|rom:memory|altsyncram:altsyncram_component" with the following parameter: File: /home/michael2/Documents/Classes/ECE554_Minilab1/1b_actually0/rom.v Line: 82
    Info (12134): Parameter "address_aclr_a" = "NONE"
    Info (12134): Parameter "clock_enable_input_a" = "BYPASS"
    Info (12134): Parameter "clock_enable_output_a" = "BYPASS"
    Info (12134): Parameter "init_file" = "input_mem.mif"
    Info (12134): Parameter "intended_device_family" = "Cyclone V"
    Info (12134): Parameter "lpm_hint" = "ENABLE_RUNTIME_MOD=NO"
    Info (12134): Parameter "lpm_type" = "altsyncram"
    Info (12134): Parameter "numwords_a" = "9"
    Info (12134): Parameter "operation_mode" = "ROM"
    Info (12134): Parameter "outdata_aclr_a" = "NONE"
    Info (12134): Parameter "outdata_reg_a" = "UNREGISTERED"
    Info (12134): Parameter "widthad_a" = "4"
    Info (12134): Parameter "width_a" = "64"
    Info (12134): Parameter "width_byteena_a" = "1"
Info (12021): Found 1 design units, including 1 entities, in source file db/altsyncram_tdg1.tdf
    Info (12023): Found entity 1: altsyncram_tdg1 File: /home/michael2/Documents/Classes/ECE554_Minilab1/1b_actually0/db/altsyncram_tdg1.tdf Line: 28
Info (12128): Elaborating entity "altsyncram_tdg1" for hierarchy "mem_wrapper:iRemember|rom:memory|altsyncram:altsyncram_component|altsyncram_tdg1:auto_generated" File: /home/michael2/altera_lite/25.1std/quartus/libraries/megafunctions/altsyncram.tdf Line: 792
Info (12128): Elaborating entity "mat_vec_mult_t" for hierarchy "mat_vec_mult_t:iMAC" File: /home/michael2/Documents/Classes/ECE554_Minilab1/1b_actually0/Minilab1b_T2.sv Line: 114
Info (12128): Elaborating entity "FIFO" for hierarchy "mat_vec_mult_t:iMAC|FIFO:b_vec" File: /home/michael2/Documents/Classes/ECE554_Minilab1/1b_actually0/mat_vec_mult_t.sv Line: 105
Warning (10230): Verilog HDL assignment warning at fifo.sv(38): truncated value with size 32 to match size of target (3) File: /home/michael2/Documents/Classes/ECE554_Minilab1/1b_actually0/fifo.sv Line: 38
Warning (10230): Verilog HDL assignment warning at fifo.sv(42): truncated value with size 32 to match size of target (3) File: /home/michael2/Documents/Classes/ECE554_Minilab1/1b_actually0/fifo.sv Line: 42
Info (12128): Elaborating entity "MAC" for hierarchy "mat_vec_mult_t:iMAC|MAC:hw[0].mat_arr" File: /home/michael2/Documents/Classes/ECE554_Minilab1/1b_actually0/mat_vec_mult_t.sv Line: 142
Info (12021): Found 1 design units, including 1 entities, in source file db/altsyncram_ce84.tdf
    Info (12023): Found entity 1: altsyncram_ce84 File: /home/michael2/Documents/Classes/ECE554_Minilab1/1b_actually0/db/altsyncram_ce84.tdf Line: 28
Info (12021): Found 1 design units, including 1 entities, in source file db/mux_elc.tdf
    Info (12023): Found entity 1: mux_elc File: /home/michael2/Documents/Classes/ECE554_Minilab1/1b_actually0/db/mux_elc.tdf Line: 23
Info (12021): Found 1 design units, including 1 entities, in source file db/decode_vnf.tdf
    Info (12023): Found entity 1: decode_vnf File: /home/michael2/Documents/Classes/ECE554_Minilab1/1b_actually0/db/decode_vnf.tdf Line: 23
Info (12021): Found 1 design units, including 1 entities, in source file db/cntr_gai.tdf
    Info (12023): Found entity 1: cntr_gai File: /home/michael2/Documents/Classes/ECE554_Minilab1/1b_actually0/db/cntr_gai.tdf Line: 28
Info (12021): Found 1 design units, including 1 entities, in source file db/cmpr_f9c.tdf
    Info (12023): Found entity 1: cmpr_f9c File: /home/michael2/Documents/Classes/ECE554_Minilab1/1b_actually0/db/cmpr_f9c.tdf Line: 23
Info (12021): Found 1 design units, including 1 entities, in source file db/cntr_4vi.tdf
    Info (12023): Found entity 1: cntr_4vi File: /home/michael2/Documents/Classes/ECE554_Minilab1/1b_actually0/db/cntr_4vi.tdf Line: 26
Info (12021): Found 1 design units, including 1 entities, in source file db/cntr_09i.tdf
    Info (12023): Found entity 1: cntr_09i File: /home/michael2/Documents/Classes/ECE554_Minilab1/1b_actually0/db/cntr_09i.tdf Line: 28
Info (12021): Found 1 design units, including 1 entities, in source file db/cmpr_c9c.tdf
    Info (12023): Found entity 1: cmpr_c9c File: /home/michael2/Documents/Classes/ECE554_Minilab1/1b_actually0/db/cmpr_c9c.tdf Line: 23
Info (12021): Found 1 design units, including 1 entities, in source file db/cntr_kri.tdf
    Info (12023): Found entity 1: cntr_kri File: /home/michael2/Documents/Classes/ECE554_Minilab1/1b_actually0/db/cntr_kri.tdf Line: 28
Info (12021): Found 1 design units, including 1 entities, in source file db/cmpr_99c.tdf
    Info (12023): Found entity 1: cmpr_99c File: /home/michael2/Documents/Classes/ECE554_Minilab1/1b_actually0/db/cmpr_99c.tdf Line: 23
Info (12033): Analysis and Synthesis generated Signal Tap or debug node instance "auto_signaltap_0"
Info (11170): Starting IP generation for the debug fabric: alt_sld_fab.
Info (11172): 2026.02.10.19:08:43 Progress: Loading sldd0c6bdf8/alt_sld_fab_wrapper_hw.tcl
Info (11172): Alt_sld_fab.alt_sld_fab: SLD fabric agents which did not specify prefer_host were connected to JTAG
Info (11172): Alt_sld_fab: Generating "alt_sld_fab" for QUARTUS_SYNTH
Info (11172): Alt_sld_fab: "alt_sld_fab" instantiated alt_sld_fab "alt_sld_fab"
Info (11172): Presplit: "alt_sld_fab" instantiated altera_super_splitter "presplit"
Info (11172): Splitter: "alt_sld_fab" instantiated altera_sld_splitter "splitter"
Info (11172): Sldfabric: "alt_sld_fab" instantiated altera_sld_jtag_hub "sldfabric"
Info (11172): Ident: "alt_sld_fab" instantiated altera_connection_identification_hub "ident"
Info (11172): Alt_sld_fab: Done "alt_sld_fab" with 6 modules, 6 files
Info (11171): Finished IP generation for the debug fabric: alt_sld_fab.
Info (12021): Found 1 design units, including 1 entities, in source file db/ip/sldd0c6bdf8/alt_sld_fab.v
    Info (12023): Found entity 1: alt_sld_fab File: /home/michael2/Documents/Classes/ECE554_Minilab1/1b_actually0/db/ip/sldd0c6bdf8/alt_sld_fab.v Line: 9
Info (12021): Found 1 design units, including 1 entities, in source file db/ip/sldd0c6bdf8/submodules/alt_sld_fab_alt_sld_fab.v
    Info (12023): Found entity 1: alt_sld_fab_alt_sld_fab File: /home/michael2/Documents/Classes/ECE554_Minilab1/1b_actually0/db/ip/sldd0c6bdf8/submodules/alt_sld_fab_alt_sld_fab.v Line: 9
Info (12021): Found 1 design units, including 1 entities, in source file db/ip/sldd0c6bdf8/submodules/alt_sld_fab_alt_sld_fab_ident.sv
    Info (12023): Found entity 1: alt_sld_fab_alt_sld_fab_ident File: /home/michael2/Documents/Classes/ECE554_Minilab1/1b_actually0/db/ip/sldd0c6bdf8/submodules/alt_sld_fab_alt_sld_fab_ident.sv Line: 33
Info (12021): Found 1 design units, including 1 entities, in source file db/ip/sldd0c6bdf8/submodules/alt_sld_fab_alt_sld_fab_presplit.sv
    Info (12023): Found entity 1: alt_sld_fab_alt_sld_fab_presplit File: /home/michael2/Documents/Classes/ECE554_Minilab1/1b_actually0/db/ip/sldd0c6bdf8/submodules/alt_sld_fab_alt_sld_fab_presplit.sv Line: 3
Info (12021): Found 2 design units, including 1 entities, in source file db/ip/sldd0c6bdf8/submodules/alt_sld_fab_alt_sld_fab_sldfabric.vhd
    Info (12022): Found design unit 1: alt_sld_fab_alt_sld_fab_sldfabric-rtl File: /home/michael2/Documents/Classes/ECE554_Minilab1/1b_actually0/db/ip/sldd0c6bdf8/submodules/alt_sld_fab_alt_sld_fab_sldfabric.vhd Line: 102
    Info (12023): Found entity 1: alt_sld_fab_alt_sld_fab_sldfabric File: /home/michael2/Documents/Classes/ECE554_Minilab1/1b_actually0/db/ip/sldd0c6bdf8/submodules/alt_sld_fab_alt_sld_fab_sldfabric.vhd Line: 11
Info (12021): Found 1 design units, including 1 entities, in source file db/ip/sldd0c6bdf8/submodules/alt_sld_fab_alt_sld_fab_splitter.sv
    Info (12023): Found entity 1: alt_sld_fab_alt_sld_fab_splitter File: /home/michael2/Documents/Classes/ECE554_Minilab1/1b_actually0/db/ip/sldd0c6bdf8/submodules/alt_sld_fab_alt_sld_fab_splitter.sv Line: 3
Warning (12241): 1 hierarchies have connectivity warnings - see the Connectivity Checks report folder
Warning (13012): Latch a_in_SM[0] has unsafe behavior File: /home/michael2/Documents/Classes/ECE554_Minilab1/1b_actually0/Minilab1b_T2.sv Line: 165
    Warning (13013): Ports D and ENA on the latch are fed by the same signal b_count[2] File: /home/michael2/Documents/Classes/ECE554_Minilab1/1b_actually0/Minilab1b_T2.sv Line: 290
Warning (13012): Latch a_in_SM[1] has unsafe behavior File: /home/michael2/Documents/Classes/ECE554_Minilab1/1b_actually0/Minilab1b_T2.sv Line: 165
    Warning (13013): Ports D and ENA on the latch are fed by the same signal b_count[2] File: /home/michael2/Documents/Classes/ECE554_Minilab1/1b_actually0/Minilab1b_T2.sv Line: 290
Warning (13012): Latch a_in_SM[2] has unsafe behavior File: /home/michael2/Documents/Classes/ECE554_Minilab1/1b_actually0/Minilab1b_T2.sv Line: 165
    Warning (13013): Ports D and ENA on the latch are fed by the same signal b_count[2] File: /home/michael2/Documents/Classes/ECE554_Minilab1/1b_actually0/Minilab1b_T2.sv Line: 290
Warning (13012): Latch a_in_SM[3] has unsafe behavior File: /home/michael2/Documents/Classes/ECE554_Minilab1/1b_actually0/Minilab1b_T2.sv Line: 165
    Warning (13013): Ports D and ENA on the latch are fed by the same signal b_count[2] File: /home/michael2/Documents/Classes/ECE554_Minilab1/1b_actually0/Minilab1b_T2.sv Line: 290
Warning (13012): Latch a_in_SM[4] has unsafe behavior File: /home/michael2/Documents/Classes/ECE554_Minilab1/1b_actually0/Minilab1b_T2.sv Line: 165
    Warning (13013): Ports D and ENA on the latch are fed by the same signal b_count[2] File: /home/michael2/Documents/Classes/ECE554_Minilab1/1b_actually0/Minilab1b_T2.sv Line: 290
Warning (13012): Latch a_in_SM[5] has unsafe behavior File: /home/michael2/Documents/Classes/ECE554_Minilab1/1b_actually0/Minilab1b_T2.sv Line: 165
    Warning (13013): Ports D and ENA on the latch are fed by the same signal b_count[2] File: /home/michael2/Documents/Classes/ECE554_Minilab1/1b_actually0/Minilab1b_T2.sv Line: 290
Warning (13012): Latch a_in_SM[6] has unsafe behavior File: /home/michael2/Documents/Classes/ECE554_Minilab1/1b_actually0/Minilab1b_T2.sv Line: 165
    Warning (13013): Ports D and ENA on the latch are fed by the same signal b_count[2] File: /home/michael2/Documents/Classes/ECE554_Minilab1/1b_actually0/Minilab1b_T2.sv Line: 290
Warning (13012): Latch a_in_SM[7] has unsafe behavior File: /home/michael2/Documents/Classes/ECE554_Minilab1/1b_actually0/Minilab1b_T2.sv Line: 165
    Warning (13013): Ports D and ENA on the latch are fed by the same signal b_count[2] File: /home/michael2/Documents/Classes/ECE554_Minilab1/1b_actually0/Minilab1b_T2.sv Line: 290
Warning (13024): Output pins are stuck at VCC or GND
    Warning (13410): Pin "LEDR[1]" is stuck at GND File: /home/michael2/Documents/Classes/ECE554_Minilab1/1b_actually0/Minilab1b_T2.sv Line: 26
    Warning (13410): Pin "LEDR[2]" is stuck at GND File: /home/michael2/Documents/Classes/ECE554_Minilab1/1b_actually0/Minilab1b_T2.sv Line: 26
    Warning (13410): Pin "LEDR[3]" is stuck at GND File: /home/michael2/Documents/Classes/ECE554_Minilab1/1b_actually0/Minilab1b_T2.sv Line: 26
    Warning (13410): Pin "LEDR[4]" is stuck at GND File: /home/michael2/Documents/Classes/ECE554_Minilab1/1b_actually0/Minilab1b_T2.sv Line: 26
    Warning (13410): Pin "LEDR[5]" is stuck at GND File: /home/michael2/Documents/Classes/ECE554_Minilab1/1b_actually0/Minilab1b_T2.sv Line: 26
    Warning (13410): Pin "LEDR[6]" is stuck at GND File: /home/michael2/Documents/Classes/ECE554_Minilab1/1b_actually0/Minilab1b_T2.sv Line: 26
    Warning (13410): Pin "LEDR[7]" is stuck at GND File: /home/michael2/Documents/Classes/ECE554_Minilab1/1b_actually0/Minilab1b_T2.sv Line: 26
    Warning (13410): Pin "LEDR[9]" is stuck at GND File: /home/michael2/Documents/Classes/ECE554_Minilab1/1b_actually0/Minilab1b_T2.sv Line: 26
Info (286031): Timing-Driven Synthesis is running on partition "Top"
Info (144001): Generated suppressed messages file /home/michael2/Documents/Classes/ECE554_Minilab1/1b_actually0/Minilab1b_T2.map.smsg
Info (35024): Successfully connected in-system debug instance "auto_signaltap_0" to all 167 required data inputs, trigger inputs, acquisition clocks, and dynamic pins
Info (16010): Generating hard_block partition "hard_block:auto_generated_inst"
    Info (16011): Adding 9 node(s), including 0 DDIO, 0 PLL, 0 transceiver and 0 LCELL
Warning (21074): Design contains 12 input pin(s) that do not drive logic
    Warning (15610): No output dependent on input pin "CLOCK2_50" File: /home/michael2/Documents/Classes/ECE554_Minilab1/1b_actually0/Minilab1b_T2.sv Line: 9
    Warning (15610): No output dependent on input pin "CLOCK3_50" File: /home/michael2/Documents/Classes/ECE554_Minilab1/1b_actually0/Minilab1b_T2.sv Line: 10
    Warning (15610): No output dependent on input pin "CLOCK4_50" File: /home/michael2/Documents/Classes/ECE554_Minilab1/1b_actually0/Minilab1b_T2.sv Line: 11
    Warning (15610): No output dependent on input pin "KEY[1]" File: /home/michael2/Documents/Classes/ECE554_Minilab1/1b_actually0/Minilab1b_T2.sv Line: 23
    Warning (15610): No output dependent on input pin "KEY[2]" File: /home/michael2/Documents/Classes/ECE554_Minilab1/1b_actually0/Minilab1b_T2.sv Line: 23
    Warning (15610): No output dependent on input pin "KEY[3]" File: /home/michael2/Documents/Classes/ECE554_Minilab1/1b_actually0/Minilab1b_T2.sv Line: 23
    Warning (15610): No output dependent on input pin "SW[4]" File: /home/michael2/Documents/Classes/ECE554_Minilab1/1b_actually0/Minilab1b_T2.sv Line: 30
    Warning (15610): No output dependent on input pin "SW[5]" File: /home/michael2/Documents/Classes/ECE554_Minilab1/1b_actually0/Minilab1b_T2.sv Line: 30
    Warning (15610): No output dependent on input pin "SW[6]" File: /home/michael2/Documents/Classes/ECE554_Minilab1/1b_actually0/Minilab1b_T2.sv Line: 30
    Warning (15610): No output dependent on input pin "SW[7]" File: /home/michael2/Documents/Classes/ECE554_Minilab1/1b_actually0/Minilab1b_T2.sv Line: 30
    Warning (15610): No output dependent on input pin "SW[8]" File: /home/michael2/Documents/Classes/ECE554_Minilab1/1b_actually0/Minilab1b_T2.sv Line: 30
    Warning (15610): No output dependent on input pin "SW[9]" File: /home/michael2/Documents/Classes/ECE554_Minilab1/1b_actually0/Minilab1b_T2.sv Line: 30
Info (21057): Implemented 3226 device resources after synthesis - the final resource count might be different
    Info (21058): Implemented 21 input pins
    Info (21059): Implemented 53 output pins
    Info (21061): Implemented 2977 logic cells
    Info (21064): Implemented 166 RAM segments
    Info (21062): Implemented 8 DSP elements
Info: Quartus Prime Analysis & Synthesis was successful. 0 errors, 49 warnings
    Info: Peak virtual memory: 809 megabytes
    Info: Processing ended: Tue Feb 10 19:08:49 2026
    Info: Elapsed time: 00:00:13
    Info: Total CPU time (on all processors): 00:00:22


+------------------------------------------+
; Analysis & Synthesis Suppressed Messages ;
+------------------------------------------+
The suppressed messages can be found in /home/michael2/Documents/Classes/ECE554_Minilab1/1b_actually0/Minilab1b_T2.map.smsg.


